前缀,城市,代号,省份,地区
110000,北京市,11,北京市,华北地区
110100,市辖区,11,北京市,华北地区
110101,东城区,11,北京市,华北地区
110102,西城区,11,北京市,华北地区
110105,朝阳区,11,北京市,华北地区
110106,丰台区,11,北京市,华北地区
110107,石景山区,11,北京市,华北地区
110108,海淀区,11,北京市,华北地区
110109,门头沟区,11,北京市,华北地区
110111,房山区,11,北京市,华北地区
110112,通州区,11,北京市,华北地区
110113,顺义区,11,北京市,华北地区
110114,昌平区,11,北京市,华北地区
110115,大兴区,11,北京市,华北地区
110116,怀柔区,11,北京市,华北地区
110117,平谷区,11,北京市,华北地区
110200,县,11,北京市,华北地区
110228,密云县,11,北京市,华北地区
110229,延庆县,11,北京市,华北地区
120000,天津市,12,天津市,华北地区
120100,市辖区,12,天津市,华北地区
120101,和平区,12,天津市,华北地区
120102,河东区,12,天津市,华北地区
120103,河西区,12,天津市,华北地区
120104,南开区,12,天津市,华北地区
120105,河北区,12,天津市,华北地区
120106,红桥区,12,天津市,华北地区
120110,东丽区,12,天津市,华北地区
120111,西青区,12,天津市,华北地区
120112,津南区,12,天津市,华北地区
120113,北辰区,12,天津市,华北地区
120114,武清区,12,天津市,华北地区
120115,宝坻区,12,天津市,华北地区
120116,滨海新区,12,天津市,华北地区
120200,县,12,天津市,华北地区
120221,宁河县,12,天津市,华北地区
120223,静海县,12,天津市,华北地区
120225,蓟县,12,天津市,华北地区
130000,河北省,13,河北省,华北地区
130100,石家庄市,13,河北省,华北地区
130101,市辖区,13,河北省,华北地区
130102,长安区,13,河北省,华北地区
130103,桥东区,13,河北省,华北地区
130104,桥西区,13,河北省,华北地区
130105,新华区,13,河北省,华北地区
130107,井陉矿区,13,河北省,华北地区
130108,裕华区,13,河北省,华北地区
130121,井陉县,13,河北省,华北地区
130123,正定县,13,河北省,华北地区
130124,栾城县,13,河北省,华北地区
130125,行唐县,13,河北省,华北地区
130126,灵寿县,13,河北省,华北地区
130127,高邑县,13,河北省,华北地区
130128,深泽县,13,河北省,华北地区
130129,赞皇县,13,河北省,华北地区
130130,无极县,13,河北省,华北地区
130131,平山县,13,河北省,华北地区
130132,元氏县,13,河北省,华北地区
130133,赵县,13,河北省,华北地区
130181,辛集市,13,河北省,华北地区
130182,藁城市,13,河北省,华北地区
130183,晋州市,13,河北省,华北地区
130184,新乐市,13,河北省,华北地区
130185,鹿泉市,13,河北省,华北地区
130200,唐山市,13,河北省,华北地区
130201,市辖区,13,河北省,华北地区
130202,路南区,13,河北省,华北地区
130203,路北区,13,河北省,华北地区
130204,古冶区,13,河北省,华北地区
130205,开平区,13,河北省,华北地区
130207,丰南区,13,河北省,华北地区
130208,丰润区,13,河北省,华北地区
130209,曹妃甸区,13,河北省,华北地区
130223,滦县,13,河北省,华北地区
130224,滦南县,13,河北省,华北地区
130225,乐亭县,13,河北省,华北地区
130227,迁西县,13,河北省,华北地区
130229,玉田县,13,河北省,华北地区
130281,遵化市,13,河北省,华北地区
130283,迁安市,13,河北省,华北地区
130300,秦皇岛市,13,河北省,华北地区
130301,市辖区,13,河北省,华北地区
130302,海港区,13,河北省,华北地区
130303,山海关区,13,河北省,华北地区
130304,北戴河区,13,河北省,华北地区
130321,青龙满族自治县,13,河北省,华北地区
130322,昌黎县,13,河北省,华北地区
130323,抚宁县,13,河北省,华北地区
130324,卢龙县,13,河北省,华北地区
130400,邯郸市,13,河北省,华北地区
130401,市辖区,13,河北省,华北地区
130402,邯山区,13,河北省,华北地区
130403,丛台区,13,河北省,华北地区
130404,复兴区,13,河北省,华北地区
130406,峰峰矿区,13,河北省,华北地区
130421,邯郸县,13,河北省,华北地区
130423,临漳县,13,河北省,华北地区
130424,成安县,13,河北省,华北地区
130425,大名县,13,河北省,华北地区
130426,涉县,13,河北省,华北地区
130427,磁县,13,河北省,华北地区
130428,肥乡县,13,河北省,华北地区
130429,永年县,13,河北省,华北地区
130430,邱县,13,河北省,华北地区
130431,鸡泽县,13,河北省,华北地区
130432,广平县,13,河北省,华北地区
130433,馆陶县,13,河北省,华北地区
130434,魏县,13,河北省,华北地区
130435,曲周县,13,河北省,华北地区
130481,武安市,13,河北省,华北地区
130500,邢台市,13,河北省,华北地区
130501,市辖区,13,河北省,华北地区
130502,桥东区,13,河北省,华北地区
130503,桥西区,13,河北省,华北地区
130521,邢台县,13,河北省,华北地区
130522,临城县,13,河北省,华北地区
130523,内丘县,13,河北省,华北地区
130524,柏乡县,13,河北省,华北地区
130525,隆尧县,13,河北省,华北地区
130526,任县,13,河北省,华北地区
130527,南和县,13,河北省,华北地区
130528,宁晋县,13,河北省,华北地区
130529,巨鹿县,13,河北省,华北地区
130530,新河县,13,河北省,华北地区
130531,广宗县,13,河北省,华北地区
130532,平乡县,13,河北省,华北地区
130533,威县,13,河北省,华北地区
130534,清河县,13,河北省,华北地区
130535,临西县,13,河北省,华北地区
130581,南宫市,13,河北省,华北地区
130582,沙河市,13,河北省,华北地区
130600,保定市,13,河北省,华北地区
130601,市辖区,13,河北省,华北地区
130602,新市区,13,河北省,华北地区
130603,北市区,13,河北省,华北地区
130604,南市区,13,河北省,华北地区
130621,满城县,13,河北省,华北地区
130622,清苑县,13,河北省,华北地区
130623,涞水县,13,河北省,华北地区
130624,阜平县,13,河北省,华北地区
130625,徐水县,13,河北省,华北地区
130626,定兴县,13,河北省,华北地区
130627,唐县,13,河北省,华北地区
130628,高阳县,13,河北省,华北地区
130629,容城县,13,河北省,华北地区
130630,涞源县,13,河北省,华北地区
130631,望都县,13,河北省,华北地区
130632,安新县,13,河北省,华北地区
130633,易县,13,河北省,华北地区
130634,曲阳县,13,河北省,华北地区
130635,蠡县,13,河北省,华北地区
130636,顺平县,13,河北省,华北地区
130637,博野县,13,河北省,华北地区
130638,雄县,13,河北省,华北地区
130681,涿州市,13,河北省,华北地区
130682,定州市,13,河北省,华北地区
130683,安国市,13,河北省,华北地区
130684,高碑店市,13,河北省,华北地区
130700,张家口市,13,河北省,华北地区
130701,市辖区,13,河北省,华北地区
130702,桥东区,13,河北省,华北地区
130703,桥西区,13,河北省,华北地区
130705,宣化区,13,河北省,华北地区
130706,下花园区,13,河北省,华北地区
130721,宣化县,13,河北省,华北地区
130722,张北县,13,河北省,华北地区
130723,康保县,13,河北省,华北地区
130724,沽源县,13,河北省,华北地区
130725,尚义县,13,河北省,华北地区
130726,蔚县,13,河北省,华北地区
130727,阳原县,13,河北省,华北地区
130728,怀安县,13,河北省,华北地区
130729,万全县,13,河北省,华北地区
130730,怀来县,13,河北省,华北地区
130731,涿鹿县,13,河北省,华北地区
130732,赤城县,13,河北省,华北地区
130733,崇礼县,13,河北省,华北地区
130800,承德市,13,河北省,华北地区
130801,市辖区,13,河北省,华北地区
130802,双桥区,13,河北省,华北地区
130803,双滦区,13,河北省,华北地区
130804,鹰手营子矿区,13,河北省,华北地区
130821,承德县,13,河北省,华北地区
130822,兴隆县,13,河北省,华北地区
130823,平泉县,13,河北省,华北地区
130824,滦平县,13,河北省,华北地区
130825,隆化县,13,河北省,华北地区
130826,丰宁满族自治县,13,河北省,华北地区
130827,宽城满族自治县,13,河北省,华北地区
130828,围场满族蒙古族自治县,13,河北省,华北地区
130900,沧州市,13,河北省,华北地区
130901,市辖区,13,河北省,华北地区
130902,新华区,13,河北省,华北地区
130903,运河区,13,河北省,华北地区
130921,沧县,13,河北省,华北地区
130922,青县,13,河北省,华北地区
130923,东光县,13,河北省,华北地区
130924,海兴县,13,河北省,华北地区
130925,盐山县,13,河北省,华北地区
130926,肃宁县,13,河北省,华北地区
130927,南皮县,13,河北省,华北地区
130928,吴桥县,13,河北省,华北地区
130929,献县,13,河北省,华北地区
130930,孟村回族自治县,13,河北省,华北地区
130981,泊头市,13,河北省,华北地区
130982,任丘市,13,河北省,华北地区
130983,黄骅市,13,河北省,华北地区
130984,河间市,13,河北省,华北地区
131000,廊坊市,13,河北省,华北地区
131001,市辖区,13,河北省,华北地区
131002,安次区,13,河北省,华北地区
131003,广阳区,13,河北省,华北地区
131022,固安县,13,河北省,华北地区
131023,永清县,13,河北省,华北地区
131024,香河县,13,河北省,华北地区
131025,大城县,13,河北省,华北地区
131026,文安县,13,河北省,华北地区
131028,大厂回族自治县,13,河北省,华北地区
131081,霸州市,13,河北省,华北地区
131082,三河市,13,河北省,华北地区
131100,衡水市,13,河北省,华北地区
131101,市辖区,13,河北省,华北地区
131102,桃城区,13,河北省,华北地区
131121,枣强县,13,河北省,华北地区
131122,武邑县,13,河北省,华北地区
131123,武强县,13,河北省,华北地区
131124,饶阳县,13,河北省,华北地区
131125,安平县,13,河北省,华北地区
131126,故城县,13,河北省,华北地区
131127,景县,13,河北省,华北地区
131128,阜城县,13,河北省,华北地区
131181,冀州市,13,河北省,华北地区
131182,深州市,13,河北省,华北地区
140000,山西省,14,山西省,华北地区
140100,太原市,14,山西省,华北地区
140101,市辖区,14,山西省,华北地区
140105,小店区,14,山西省,华北地区
140106,迎泽区,14,山西省,华北地区
140107,杏花岭区,14,山西省,华北地区
140108,尖草坪区,14,山西省,华北地区
140109,万柏林区,14,山西省,华北地区
140110,晋源区,14,山西省,华北地区
140121,清徐县,14,山西省,华北地区
140122,阳曲县,14,山西省,华北地区
140123,娄烦县,14,山西省,华北地区
140181,古交市,14,山西省,华北地区
140200,大同市,14,山西省,华北地区
140201,市辖区,14,山西省,华北地区
140202,城区,14,山西省,华北地区
140203,矿区,14,山西省,华北地区
140211,南郊区,14,山西省,华北地区
140212,新荣区,14,山西省,华北地区
140221,阳高县,14,山西省,华北地区
140222,天镇县,14,山西省,华北地区
140223,广灵县,14,山西省,华北地区
140224,灵丘县,14,山西省,华北地区
140225,浑源县,14,山西省,华北地区
140226,左云县,14,山西省,华北地区
140227,大同县,14,山西省,华北地区
140300,阳泉市,14,山西省,华北地区
140301,市辖区,14,山西省,华北地区
140302,城区,14,山西省,华北地区
140303,矿区,14,山西省,华北地区
140311,郊区,14,山西省,华北地区
140321,平定县,14,山西省,华北地区
140322,盂县,14,山西省,华北地区
140400,长治市,14,山西省,华北地区
140401,市辖区,14,山西省,华北地区
140402,城区,14,山西省,华北地区
140411,郊区,14,山西省,华北地区
140421,长治县,14,山西省,华北地区
140423,襄垣县,14,山西省,华北地区
140424,屯留县,14,山西省,华北地区
140425,平顺县,14,山西省,华北地区
140426,黎城县,14,山西省,华北地区
140427,壶关县,14,山西省,华北地区
140428,长子县,14,山西省,华北地区
140429,武乡县,14,山西省,华北地区
140430,沁县,14,山西省,华北地区
140431,沁源县,14,山西省,华北地区
140481,潞城市,14,山西省,华北地区
140500,晋城市,14,山西省,华北地区
140501,晋城市市辖区,14,山西省,华北地区
140502,城区,14,山西省,华北地区
140521,沁水县,14,山西省,华北地区
140522,阳城县,14,山西省,华北地区
140524,陵川县,14,山西省,华北地区
140525,泽州县,14,山西省,华北地区
140581,高平市,14,山西省,华北地区
140600,朔州市,14,山西省,华北地区
140601,市辖区,14,山西省,华北地区
140602,朔城区,14,山西省,华北地区
140603,平鲁区,14,山西省,华北地区
140621,山阴县,14,山西省,华北地区
140622,应县,14,山西省,华北地区
140623,右玉县,14,山西省,华北地区
140624,怀仁县,14,山西省,华北地区
140700,晋中市,14,山西省,华北地区
140701,市辖区,14,山西省,华北地区
140702,榆次区,14,山西省,华北地区
140721,榆社县,14,山西省,华北地区
140722,左权县,14,山西省,华北地区
140723,和顺县,14,山西省,华北地区
140724,昔阳县,14,山西省,华北地区
140725,寿阳县,14,山西省,华北地区
140726,太谷县,14,山西省,华北地区
140727,祁县,14,山西省,华北地区
140728,平遥县,14,山西省,华北地区
140729,灵石县,14,山西省,华北地区
140781,介休市,14,山西省,华北地区
140800,运城市,14,山西省,华北地区
140801,市辖区,14,山西省,华北地区
140802,盐湖区,14,山西省,华北地区
140821,临猗县,14,山西省,华北地区
140822,万荣县,14,山西省,华北地区
140823,闻喜县,14,山西省,华北地区
140824,稷山县,14,山西省,华北地区
140825,新绛县,14,山西省,华北地区
140826,绛县,14,山西省,华北地区
140827,垣曲县,14,山西省,华北地区
140828,夏县,14,山西省,华北地区
140829,平陆县,14,山西省,华北地区
140830,芮城县,14,山西省,华北地区
140881,永济市,14,山西省,华北地区
140882,河津市,14,山西省,华北地区
140900,忻州市,14,山西省,华北地区
140901,市辖区,14,山西省,华北地区
140902,忻府区,14,山西省,华北地区
140921,定襄县,14,山西省,华北地区
140922,五台县,14,山西省,华北地区
140923,代县,14,山西省,华北地区
140924,繁峙县,14,山西省,华北地区
140925,宁武县,14,山西省,华北地区
140926,静乐县,14,山西省,华北地区
140927,神池县,14,山西省,华北地区
140928,五寨县,14,山西省,华北地区
140929,岢岚县,14,山西省,华北地区
140930,河曲县,14,山西省,华北地区
140931,保德县,14,山西省,华北地区
140932,偏关县,14,山西省,华北地区
140981,原平市,14,山西省,华北地区
141000,临汾市,14,山西省,华北地区
141001,市辖区,14,山西省,华北地区
141002,尧都区,14,山西省,华北地区
141021,曲沃县,14,山西省,华北地区
141022,翼城县,14,山西省,华北地区
141023,襄汾县,14,山西省,华北地区
141024,洪洞县,14,山西省,华北地区
141025,古县,14,山西省,华北地区
141026,安泽县,14,山西省,华北地区
141027,浮山县,14,山西省,华北地区
141028,吉县,14,山西省,华北地区
141029,乡宁县,14,山西省,华北地区
141030,大宁县,14,山西省,华北地区
141031,隰县,14,山西省,华北地区
141032,永和县,14,山西省,华北地区
141033,蒲县,14,山西省,华北地区
141034,汾西县,14,山西省,华北地区
141081,侯马市,14,山西省,华北地区
141082,霍州市,14,山西省,华北地区
141100,吕梁市,14,山西省,华北地区
141101,市辖区,14,山西省,华北地区
141102,离石区,14,山西省,华北地区
141121,文水县,14,山西省,华北地区
141122,交城县,14,山西省,华北地区
141123,兴县,14,山西省,华北地区
141124,临县,14,山西省,华北地区
141125,柳林县,14,山西省,华北地区
141126,石楼县,14,山西省,华北地区
141127,岚县,14,山西省,华北地区
141128,方山县,14,山西省,华北地区
141129,中阳县,14,山西省,华北地区
141130,交口县,14,山西省,华北地区
141181,孝义市,14,山西省,华北地区
141182,汾阳市,14,山西省,华北地区
150000,内蒙古自治区,15,内蒙古自治区,华北地区
150100,呼和浩特市,15,内蒙古自治区,华北地区
150101,市辖区,15,内蒙古自治区,华北地区
150102,新城区,15,内蒙古自治区,华北地区
150103,回民区,15,内蒙古自治区,华北地区
150104,玉泉区,15,内蒙古自治区,华北地区
150105,赛罕区,15,内蒙古自治区,华北地区
150121,土默特左旗,15,内蒙古自治区,华北地区
150122,托克托县,15,内蒙古自治区,华北地区
150123,和林格尔县,15,内蒙古自治区,华北地区
150124,清水河县,15,内蒙古自治区,华北地区
150125,武川县,15,内蒙古自治区,华北地区
150200,包头市,15,内蒙古自治区,华北地区
150201,市辖区,15,内蒙古自治区,华北地区
150202,东河区,15,内蒙古自治区,华北地区
150203,昆都仑区,15,内蒙古自治区,华北地区
150204,青山区,15,内蒙古自治区,华北地区
150205,石拐区,15,内蒙古自治区,华北地区
150206,白云鄂博矿区,15,内蒙古自治区,华北地区
150207,九原区,15,内蒙古自治区,华北地区
150221,土默特右旗,15,内蒙古自治区,华北地区
150222,固阳县,15,内蒙古自治区,华北地区
150223,达尔罕茂明安联合旗,15,内蒙古自治区,华北地区
150300,乌海市,15,内蒙古自治区,华北地区
150301,市辖区,15,内蒙古自治区,华北地区
150302,海勃湾区,15,内蒙古自治区,华北地区
150303,海南区,15,内蒙古自治区,华北地区
150304,乌达区,15,内蒙古自治区,华北地区
150400,赤峰市,15,内蒙古自治区,华北地区
150401,市辖区,15,内蒙古自治区,华北地区
150402,红山区,15,内蒙古自治区,华北地区
150403,元宝山区,15,内蒙古自治区,华北地区
150404,松山区,15,内蒙古自治区,华北地区
150421,阿鲁科尔沁旗,15,内蒙古自治区,华北地区
150422,巴林左旗,15,内蒙古自治区,华北地区
150423,巴林右旗,15,内蒙古自治区,华北地区
150424,林西县,15,内蒙古自治区,华北地区
150425,克什克腾旗,15,内蒙古自治区,华北地区
150426,翁牛特旗,15,内蒙古自治区,华北地区
150428,喀喇沁旗,15,内蒙古自治区,华北地区
150429,宁城县,15,内蒙古自治区,华北地区
150430,敖汉旗,15,内蒙古自治区,华北地区
150500,通辽市,15,内蒙古自治区,华北地区
150501,市辖区,15,内蒙古自治区,华北地区
150502,科尔沁区,15,内蒙古自治区,华北地区
150521,科尔沁左翼中旗,15,内蒙古自治区,华北地区
150522,科尔沁左翼后旗,15,内蒙古自治区,华北地区
150523,开鲁县,15,内蒙古自治区,华北地区
150524,库伦旗,15,内蒙古自治区,华北地区
150525,奈曼旗,15,内蒙古自治区,华北地区
150526,扎鲁特旗,15,内蒙古自治区,华北地区
150581,霍林郭勒市,15,内蒙古自治区,华北地区
150600,鄂尔多斯市,15,内蒙古自治区,华北地区
150601,市辖区,15,内蒙古自治区,华北地区
150602,东胜区,15,内蒙古自治区,华北地区
150621,达拉特旗,15,内蒙古自治区,华北地区
150622,准格尔旗,15,内蒙古自治区,华北地区
150623,鄂托克前旗,15,内蒙古自治区,华北地区
150624,鄂托克旗,15,内蒙古自治区,华北地区
150625,杭锦旗,15,内蒙古自治区,华北地区
150626,乌审旗,15,内蒙古自治区,华北地区
150627,伊金霍洛旗,15,内蒙古自治区,华北地区
150700,呼伦贝尔市,15,内蒙古自治区,华北地区
150701,市辖区,15,内蒙古自治区,华北地区
150702,海拉尔区,15,内蒙古自治区,华北地区
150721,阿荣旗,15,内蒙古自治区,华北地区
150722,莫力达瓦达斡尔族自治旗,15,内蒙古自治区,华北地区
150723,鄂伦春自治旗,15,内蒙古自治区,华北地区
150724,鄂温克族自治旗,15,内蒙古自治区,华北地区
150725,陈巴尔虎旗,15,内蒙古自治区,华北地区
150726,新巴尔虎左旗,15,内蒙古自治区,华北地区
150727,新巴尔虎右旗,15,内蒙古自治区,华北地区
150781,满洲里市,15,内蒙古自治区,华北地区
150782,牙克石市,15,内蒙古自治区,华北地区
150783,扎兰屯市,15,内蒙古自治区,华北地区
150784,额尔古纳市,15,内蒙古自治区,华北地区
150785,根河市,15,内蒙古自治区,华北地区
150800,巴彦淖尔市,15,内蒙古自治区,华北地区
150801,市辖区,15,内蒙古自治区,华北地区
150802,临河区,15,内蒙古自治区,华北地区
150821,五原县,15,内蒙古自治区,华北地区
150822,磴口县,15,内蒙古自治区,华北地区
150823,乌拉特前旗,15,内蒙古自治区,华北地区
150824,乌拉特中旗,15,内蒙古自治区,华北地区
150825,乌拉特后旗,15,内蒙古自治区,华北地区
150826,杭锦后旗,15,内蒙古自治区,华北地区
150900,乌兰察布市,15,内蒙古自治区,华北地区
150901,市辖区,15,内蒙古自治区,华北地区
150902,集宁区,15,内蒙古自治区,华北地区
150921,卓资县,15,内蒙古自治区,华北地区
150922,化德县,15,内蒙古自治区,华北地区
150923,商都县,15,内蒙古自治区,华北地区
150924,兴和县,15,内蒙古自治区,华北地区
150925,凉城县,15,内蒙古自治区,华北地区
150926,察哈尔右翼前旗,15,内蒙古自治区,华北地区
150927,察哈尔右翼中旗,15,内蒙古自治区,华北地区
150928,察哈尔右翼后旗,15,内蒙古自治区,华北地区
150929,四子王旗,15,内蒙古自治区,华北地区
150981,丰镇市,15,内蒙古自治区,华北地区
152200,兴安盟,15,内蒙古自治区,华北地区
152201,乌兰浩特市,15,内蒙古自治区,华北地区
152202,阿尔山市,15,内蒙古自治区,华北地区
152221,科尔沁右翼前旗,15,内蒙古自治区,华北地区
152222,科尔沁右翼中旗,15,内蒙古自治区,华北地区
152223,扎赉特旗,15,内蒙古自治区,华北地区
152224,突泉县,15,内蒙古自治区,华北地区
152500,锡林郭勒盟,15,内蒙古自治区,华北地区
152501,二连浩特市,15,内蒙古自治区,华北地区
152502,锡林浩特市,15,内蒙古自治区,华北地区
152522,阿巴嘎旗,15,内蒙古自治区,华北地区
152523,苏尼特左旗,15,内蒙古自治区,华北地区
152524,苏尼特右旗,15,内蒙古自治区,华北地区
152525,东乌珠穆沁旗,15,内蒙古自治区,华北地区
152526,西乌珠穆沁旗,15,内蒙古自治区,华北地区
152527,太仆寺旗,15,内蒙古自治区,华北地区
152528,镶黄旗,15,内蒙古自治区,华北地区
152529,正镶白旗,15,内蒙古自治区,华北地区
152530,正蓝旗,15,内蒙古自治区,华北地区
152531,多伦县,15,内蒙古自治区,华北地区
152900,阿拉善盟,15,内蒙古自治区,华北地区
152921,阿拉善左旗,15,内蒙古自治区,华北地区
152922,阿拉善右旗,15,内蒙古自治区,华北地区
152923,额济纳旗,15,内蒙古自治区,华北地区
210000,辽宁省,21,辽宁省,东北地区
210100,沈阳市,21,辽宁省,东北地区
210101,市辖区,21,辽宁省,东北地区
210102,和平区,21,辽宁省,东北地区
210103,沈河区,21,辽宁省,东北地区
210104,大东区,21,辽宁省,东北地区
210105,皇姑区,21,辽宁省,东北地区
210106,铁西区,21,辽宁省,东北地区
210111,苏家屯区,21,辽宁省,东北地区
210112,东陵区,21,辽宁省,东北地区
210113,沈北新区,21,辽宁省,东北地区
210114,于洪区,21,辽宁省,东北地区
210122,辽中县,21,辽宁省,东北地区
210123,康平县,21,辽宁省,东北地区
210124,法库县,21,辽宁省,东北地区
210181,新民市,21,辽宁省,东北地区
210200,大连市,21,辽宁省,东北地区
210201,市辖区,21,辽宁省,东北地区
210202,中山区,21,辽宁省,东北地区
210203,西岗区,21,辽宁省,东北地区
210204,沙河口区,21,辽宁省,东北地区
210211,甘井子区,21,辽宁省,东北地区
210212,旅顺口区,21,辽宁省,东北地区
210213,金州区,21,辽宁省,东北地区
210224,长海县,21,辽宁省,东北地区
210281,瓦房店市,21,辽宁省,东北地区
210282,普兰店市,21,辽宁省,东北地区
210283,庄河市,21,辽宁省,东北地区
210300,鞍山市,21,辽宁省,东北地区
210301,市辖区,21,辽宁省,东北地区
210302,铁东区,21,辽宁省,东北地区
210303,铁西区,21,辽宁省,东北地区
210304,立山区,21,辽宁省,东北地区
210311,千山区,21,辽宁省,东北地区
210321,台安县,21,辽宁省,东北地区
210323,岫岩满族自治县,21,辽宁省,东北地区
210381,海城市,21,辽宁省,东北地区
210400,抚顺市,21,辽宁省,东北地区
210401,市辖区,21,辽宁省,东北地区
210402,新抚区,21,辽宁省,东北地区
210403,东洲区,21,辽宁省,东北地区
210404,望花区,21,辽宁省,东北地区
210411,顺城区,21,辽宁省,东北地区
210421,抚顺县,21,辽宁省,东北地区
210422,新宾满族自治县,21,辽宁省,东北地区
210423,清原满族自治县,21,辽宁省,东北地区
210500,本溪市,21,辽宁省,东北地区
210501,市辖区,21,辽宁省,东北地区
210502,平山区,21,辽宁省,东北地区
210503,溪湖区,21,辽宁省,东北地区
210504,明山区,21,辽宁省,东北地区
210505,南芬区,21,辽宁省,东北地区
210521,本溪满族自治县,21,辽宁省,东北地区
210522,桓仁满族自治县,21,辽宁省,东北地区
210600,丹东市,21,辽宁省,东北地区
210601,市辖区,21,辽宁省,东北地区
210602,元宝区,21,辽宁省,东北地区
210603,振兴区,21,辽宁省,东北地区
210604,振安区,21,辽宁省,东北地区
210624,宽甸满族自治县,21,辽宁省,东北地区
210681,东港市,21,辽宁省,东北地区
210682,凤城市,21,辽宁省,东北地区
210700,锦州市,21,辽宁省,东北地区
210701,市辖区,21,辽宁省,东北地区
210702,古塔区,21,辽宁省,东北地区
210703,凌河区,21,辽宁省,东北地区
210711,太和区,21,辽宁省,东北地区
210726,黑山县,21,辽宁省,东北地区
210727,义县,21,辽宁省,东北地区
210781,凌海市,21,辽宁省,东北地区
210782,北镇市,21,辽宁省,东北地区
210800,营口市,21,辽宁省,东北地区
210801,市辖区,21,辽宁省,东北地区
210802,站前区,21,辽宁省,东北地区
210803,西市区,21,辽宁省,东北地区
210804,鲅鱼圈区,21,辽宁省,东北地区
210811,老边区,21,辽宁省,东北地区
210881,盖州市,21,辽宁省,东北地区
210882,大石桥市,21,辽宁省,东北地区
210900,阜新市,21,辽宁省,东北地区
210901,市辖区,21,辽宁省,东北地区
210902,海州区,21,辽宁省,东北地区
210903,新邱区,21,辽宁省,东北地区
210904,太平区,21,辽宁省,东北地区
210905,清河门区,21,辽宁省,东北地区
210911,细河区,21,辽宁省,东北地区
210921,阜新蒙古族自治县,21,辽宁省,东北地区
210922,彰武县,21,辽宁省,东北地区
211000,辽阳市,21,辽宁省,东北地区
211001,市辖区,21,辽宁省,东北地区
211002,白塔区,21,辽宁省,东北地区
211003,文圣区,21,辽宁省,东北地区
211004,宏伟区,21,辽宁省,东北地区
211005,弓长岭区,21,辽宁省,东北地区
211011,太子河区,21,辽宁省,东北地区
211021,辽阳县,21,辽宁省,东北地区
211081,灯塔市,21,辽宁省,东北地区
211100,盘锦市,21,辽宁省,东北地区
211101,市辖区,21,辽宁省,东北地区
211102,双台子区,21,辽宁省,东北地区
211103,兴隆台区,21,辽宁省,东北地区
211121,大洼县,21,辽宁省,东北地区
211122,盘山县,21,辽宁省,东北地区
211200,铁岭市,21,辽宁省,东北地区
211201,市辖区,21,辽宁省,东北地区
211202,银州区,21,辽宁省,东北地区
211204,清河区,21,辽宁省,东北地区
211221,铁岭县,21,辽宁省,东北地区
211223,西丰县,21,辽宁省,东北地区
211224,昌图县,21,辽宁省,东北地区
211281,调兵山市,21,辽宁省,东北地区
211282,开原市,21,辽宁省,东北地区
211300,朝阳市,21,辽宁省,东北地区
211301,市辖区,21,辽宁省,东北地区
211302,双塔区,21,辽宁省,东北地区
211303,龙城区,21,辽宁省,东北地区
211321,朝阳县,21,辽宁省,东北地区
211322,建平县,21,辽宁省,东北地区
211324,喀喇沁左翼蒙古族自治县,21,辽宁省,东北地区
211381,北票市,21,辽宁省,东北地区
211382,凌源市,21,辽宁省,东北地区
211400,葫芦岛市,21,辽宁省,东北地区
211401,市辖区,21,辽宁省,东北地区
211402,连山区,21,辽宁省,东北地区
211403,龙港区,21,辽宁省,东北地区
211404,南票区,21,辽宁省,东北地区
211421,绥中县,21,辽宁省,东北地区
211422,建昌县,21,辽宁省,东北地区
211481,兴城市,21,辽宁省,东北地区
220000,吉林省,22,吉林省,东北地区
220100,长春市,22,吉林省,东北地区
220101,市辖区,22,吉林省,东北地区
220102,南关区,22,吉林省,东北地区
220103,宽城区,22,吉林省,东北地区
220104,朝阳区,22,吉林省,东北地区
220105,二道区,22,吉林省,东北地区
220106,绿园区,22,吉林省,东北地区
220112,双阳区,22,吉林省,东北地区
220122,农安县,22,吉林省,东北地区
220181,九台市,22,吉林省,东北地区
220182,榆树市,22,吉林省,东北地区
220183,德惠市,22,吉林省,东北地区
220200,吉林市,22,吉林省,东北地区
220201,市辖区,22,吉林省,东北地区
220202,昌邑区,22,吉林省,东北地区
220203,龙潭区,22,吉林省,东北地区
220204,船营区,22,吉林省,东北地区
220211,丰满区,22,吉林省,东北地区
220221,永吉县,22,吉林省,东北地区
220281,蛟河市,22,吉林省,东北地区
220282,桦甸市,22,吉林省,东北地区
220283,舒兰市,22,吉林省,东北地区
220284,磐石市,22,吉林省,东北地区
220300,四平市,22,吉林省,东北地区
220301,市辖区,22,吉林省,东北地区
220302,铁西区,22,吉林省,东北地区
220303,铁东区,22,吉林省,东北地区
220322,梨树县,22,吉林省,东北地区
220323,伊通满族自治县,22,吉林省,东北地区
220381,公主岭市,22,吉林省,东北地区
220382,双辽市,22,吉林省,东北地区
220400,辽源市,22,吉林省,东北地区
220401,市辖区,22,吉林省,东北地区
220402,龙山区,22,吉林省,东北地区
220403,西安区,22,吉林省,东北地区
220421,东丰县,22,吉林省,东北地区
220422,东辽县,22,吉林省,东北地区
220500,通化市,22,吉林省,东北地区
220501,市辖区,22,吉林省,东北地区
220502,东昌区,22,吉林省,东北地区
220503,二道江区,22,吉林省,东北地区
220521,通化县,22,吉林省,东北地区
220523,辉南县,22,吉林省,东北地区
220524,柳河县,22,吉林省,东北地区
220581,梅河口市,22,吉林省,东北地区
220582,集安市,22,吉林省,东北地区
220600,白山市,22,吉林省,东北地区
220601,市辖区,22,吉林省,东北地区
220602,浑江区,22,吉林省,东北地区
220605,江源区,22,吉林省,东北地区
220621,抚松县,22,吉林省,东北地区
220622,靖宇县,22,吉林省,东北地区
220623,长白朝鲜族自治县,22,吉林省,东北地区
220681,临江市,22,吉林省,东北地区
220700,松原市,22,吉林省,东北地区
220701,市辖区,22,吉林省,东北地区
220702,宁江区,22,吉林省,东北地区
220721,前郭尔罗斯蒙古族自治县,22,吉林省,东北地区
220722,长岭县,22,吉林省,东北地区
220723,乾安县,22,吉林省,东北地区
220724,扶余县,22,吉林省,东北地区
220800,白城市,22,吉林省,东北地区
220801,市辖区,22,吉林省,东北地区
220802,洮北区,22,吉林省,东北地区
220821,镇赉县,22,吉林省,东北地区
220822,通榆县,22,吉林省,东北地区
220881,洮南市,22,吉林省,东北地区
220882,大安市,22,吉林省,东北地区
222400,延边朝鲜族自治州,22,吉林省,东北地区
222401,延吉市,22,吉林省,东北地区
222402,图们市,22,吉林省,东北地区
222403,敦化市,22,吉林省,东北地区
222404,珲春市,22,吉林省,东北地区
222405,龙井市,22,吉林省,东北地区
222406,和龙市,22,吉林省,东北地区
222424,汪清县,22,吉林省,东北地区
222426,安图县,22,吉林省,东北地区
230000,黑龙江省,23,黑龙江省,东北地区
230100,哈尔滨市,23,黑龙江省,东北地区
230101,市辖区,23,黑龙江省,东北地区
230102,道里区,23,黑龙江省,东北地区
230103,南岗区,23,黑龙江省,东北地区
230104,道外区,23,黑龙江省,东北地区
230108,平房区,23,黑龙江省,东北地区
230109,松北区,23,黑龙江省,东北地区
230110,香坊区,23,黑龙江省,东北地区
230111,呼兰区,23,黑龙江省,东北地区
230112,阿城区,23,黑龙江省,东北地区
230123,依兰县,23,黑龙江省,东北地区
230124,方正县,23,黑龙江省,东北地区
230125,宾县,23,黑龙江省,东北地区
230126,巴彦县,23,黑龙江省,东北地区
230127,木兰县,23,黑龙江省,东北地区
230128,通河县,23,黑龙江省,东北地区
230129,延寿县,23,黑龙江省,东北地区
230182,双城市,23,黑龙江省,东北地区
230183,尚志市,23,黑龙江省,东北地区
230184,五常市,23,黑龙江省,东北地区
230200,齐齐哈尔市,23,黑龙江省,东北地区
230201,市辖区,23,黑龙江省,东北地区
230202,龙沙区,23,黑龙江省,东北地区
230203,建华区,23,黑龙江省,东北地区
230204,铁锋区,23,黑龙江省,东北地区
230205,昂昂溪区,23,黑龙江省,东北地区
230206,富拉尔基区,23,黑龙江省,东北地区
230207,碾子山区,23,黑龙江省,东北地区
230208,梅里斯达斡尔族区,23,黑龙江省,东北地区
230221,龙江县,23,黑龙江省,东北地区
230223,依安县,23,黑龙江省,东北地区
230224,泰来县,23,黑龙江省,东北地区
230225,甘南县,23,黑龙江省,东北地区
230227,富裕县,23,黑龙江省,东北地区
230229,克山县,23,黑龙江省,东北地区
230230,克东县,23,黑龙江省,东北地区
230231,拜泉县,23,黑龙江省,东北地区
230281,讷河市,23,黑龙江省,东北地区
230300,鸡西市,23,黑龙江省,东北地区
230301,市辖区,23,黑龙江省,东北地区
230302,鸡冠区,23,黑龙江省,东北地区
230303,恒山区,23,黑龙江省,东北地区
230304,滴道区,23,黑龙江省,东北地区
230305,梨树区,23,黑龙江省,东北地区
230306,城子河区,23,黑龙江省,东北地区
230307,麻山区,23,黑龙江省,东北地区
230321,鸡东县,23,黑龙江省,东北地区
230381,虎林市,23,黑龙江省,东北地区
230382,密山市,23,黑龙江省,东北地区
230400,鹤岗市,23,黑龙江省,东北地区
230401,市辖区,23,黑龙江省,东北地区
230402,向阳区,23,黑龙江省,东北地区
230403,工农区,23,黑龙江省,东北地区
230404,南山区,23,黑龙江省,东北地区
230405,兴安区,23,黑龙江省,东北地区
230406,东山区,23,黑龙江省,东北地区
230407,兴山区,23,黑龙江省,东北地区
230421,萝北县,23,黑龙江省,东北地区
230422,绥滨县,23,黑龙江省,东北地区
230500,双鸭山市,23,黑龙江省,东北地区
230501,市辖区,23,黑龙江省,东北地区
230502,尖山区,23,黑龙江省,东北地区
230503,岭东区,23,黑龙江省,东北地区
230505,四方台区,23,黑龙江省,东北地区
230506,宝山区,23,黑龙江省,东北地区
230521,集贤县,23,黑龙江省,东北地区
230522,友谊县,23,黑龙江省,东北地区
230523,宝清县,23,黑龙江省,东北地区
230524,饶河县,23,黑龙江省,东北地区
230600,大庆市,23,黑龙江省,东北地区
230601,市辖区,23,黑龙江省,东北地区
230602,萨尔图区,23,黑龙江省,东北地区
230603,龙凤区,23,黑龙江省,东北地区
230604,让胡路区,23,黑龙江省,东北地区
230605,红岗区,23,黑龙江省,东北地区
230606,大同区,23,黑龙江省,东北地区
230621,肇州县,23,黑龙江省,东北地区
230622,肇源县,23,黑龙江省,东北地区
230623,林甸县,23,黑龙江省,东北地区
230624,杜尔伯特蒙古族自治县,23,黑龙江省,东北地区
230700,伊春市,23,黑龙江省,东北地区
230701,市辖区,23,黑龙江省,东北地区
230702,伊春区,23,黑龙江省,东北地区
230703,南岔区,23,黑龙江省,东北地区
230704,友好区,23,黑龙江省,东北地区
230705,西林区,23,黑龙江省,东北地区
230706,翠峦区,23,黑龙江省,东北地区
230707,新青区,23,黑龙江省,东北地区
230708,美溪区,23,黑龙江省,东北地区
230709,金山屯区,23,黑龙江省,东北地区
230710,五营区,23,黑龙江省,东北地区
230711,乌马河区,23,黑龙江省,东北地区
230712,汤旺河区,23,黑龙江省,东北地区
230713,带岭区,23,黑龙江省,东北地区
230714,乌伊岭区,23,黑龙江省,东北地区
230715,红星区,23,黑龙江省,东北地区
230716,上甘岭区,23,黑龙江省,东北地区
230722,嘉荫县,23,黑龙江省,东北地区
230781,铁力市,23,黑龙江省,东北地区
230800,佳木斯市,23,黑龙江省,东北地区
230801,市辖区,23,黑龙江省,东北地区
230803,向阳区,23,黑龙江省,东北地区
230804,前进区,23,黑龙江省,东北地区
230805,东风区,23,黑龙江省,东北地区
230811,郊区,23,黑龙江省,东北地区
230822,桦南县,23,黑龙江省,东北地区
230826,桦川县,23,黑龙江省,东北地区
230828,汤原县,23,黑龙江省,东北地区
230833,抚远县,23,黑龙江省,东北地区
230881,同江市,23,黑龙江省,东北地区
230882,富锦市,23,黑龙江省,东北地区
230900,七台河市,23,黑龙江省,东北地区
230901,市辖区,23,黑龙江省,东北地区
230902,新兴区,23,黑龙江省,东北地区
230903,桃山区,23,黑龙江省,东北地区
230904,茄子河区,23,黑龙江省,东北地区
230921,勃利县,23,黑龙江省,东北地区
231000,牡丹江市,23,黑龙江省,东北地区
231001,市辖区,23,黑龙江省,东北地区
231002,东安区,23,黑龙江省,东北地区
231003,阳明区,23,黑龙江省,东北地区
231004,爱民区,23,黑龙江省,东北地区
231005,西安区,23,黑龙江省,东北地区
231024,东宁县,23,黑龙江省,东北地区
231025,林口县,23,黑龙江省,东北地区
231081,绥芬河市,23,黑龙江省,东北地区
231083,海林市,23,黑龙江省,东北地区
231084,宁安市,23,黑龙江省,东北地区
231085,穆棱市,23,黑龙江省,东北地区
231100,黑河市,23,黑龙江省,东北地区
231101,市辖区,23,黑龙江省,东北地区
231102,爱辉区,23,黑龙江省,东北地区
231121,嫩江县,23,黑龙江省,东北地区
231123,逊克县,23,黑龙江省,东北地区
231124,孙吴县,23,黑龙江省,东北地区
231181,北安市,23,黑龙江省,东北地区
231182,五大连池市,23,黑龙江省,东北地区
231200,绥化市,23,黑龙江省,东北地区
231201,市辖区,23,黑龙江省,东北地区
231202,北林区,23,黑龙江省,东北地区
231221,望奎县,23,黑龙江省,东北地区
231222,兰西县,23,黑龙江省,东北地区
231223,青冈县,23,黑龙江省,东北地区
231224,庆安县,23,黑龙江省,东北地区
231225,明水县,23,黑龙江省,东北地区
231226,绥棱县,23,黑龙江省,东北地区
231281,安达市,23,黑龙江省,东北地区
231282,肇东市,23,黑龙江省,东北地区
231283,海伦市,23,黑龙江省,东北地区
232700,大兴安岭地区,23,黑龙江省,东北地区
232721,呼玛县,23,黑龙江省,东北地区
232722,塔河县,23,黑龙江省,东北地区
232723,漠河县,23,黑龙江省,东北地区
310000,上海市,31,上海市,华东地区
310100,市辖区,31,上海市,华东地区
310101,黄浦区,31,上海市,华东地区
310104,徐汇区,31,上海市,华东地区
310105,长宁区,31,上海市,华东地区
310106,静安区,31,上海市,华东地区
310107,普陀区,31,上海市,华东地区
310108,闸北区,31,上海市,华东地区
310109,虹口区,31,上海市,华东地区
310110,杨浦区,31,上海市,华东地区
310112,闵行区,31,上海市,华东地区
310113,宝山区,31,上海市,华东地区
310114,嘉定区,31,上海市,华东地区
310115,浦东新区,31,上海市,华东地区
310116,金山区,31,上海市,华东地区
310117,松江区,31,上海市,华东地区
310118,青浦区,31,上海市,华东地区
310120,奉贤区,31,上海市,华东地区
310200,县,31,上海市,华东地区
310230,崇明县,31,上海市,华东地区
320000,江苏省,32,江苏省,华东地区
320100,南京市,32,江苏省,华东地区
320101,市辖区,32,江苏省,华东地区
320102,玄武区,32,江苏省,华东地区
320103,白下区,32,江苏省,华东地区
320104,秦淮区,32,江苏省,华东地区
320105,建邺区,32,江苏省,华东地区
320106,鼓楼区,32,江苏省,华东地区
320107,下关区,32,江苏省,华东地区
320111,浦口区,32,江苏省,华东地区
320113,栖霞区,32,江苏省,华东地区
320114,雨花台区,32,江苏省,华东地区
320115,江宁区,32,江苏省,华东地区
320116,六合区,32,江苏省,华东地区
320124,溧水县,32,江苏省,华东地区
320125,高淳县,32,江苏省,华东地区
320200,无锡市,32,江苏省,华东地区
320201,市辖区,32,江苏省,华东地区
320202,崇安区,32,江苏省,华东地区
320203,南长区,32,江苏省,华东地区
320204,北塘区,32,江苏省,华东地区
320205,锡山区,32,江苏省,华东地区
320206,惠山区,32,江苏省,华东地区
320211,滨湖区,32,江苏省,华东地区
320281,江阴市,32,江苏省,华东地区
320282,宜兴市,32,江苏省,华东地区
320300,徐州市,32,江苏省,华东地区
320301,市辖区,32,江苏省,华东地区
320302,鼓楼区,32,江苏省,华东地区
320303,云龙区,32,江苏省,华东地区
320305,贾汪区,32,江苏省,华东地区
320311,泉山区,32,江苏省,华东地区
320312,铜山区,32,江苏省,华东地区
320321,丰县,32,江苏省,华东地区
320322,沛县,32,江苏省,华东地区
320324,睢宁县,32,江苏省,华东地区
320381,新沂市,32,江苏省,华东地区
320382,邳州市,32,江苏省,华东地区
320400,常州市,32,江苏省,华东地区
320401,市辖区,32,江苏省,华东地区
320402,天宁区,32,江苏省,华东地区
320404,钟楼区,32,江苏省,华东地区
320405,戚墅堰区,32,江苏省,华东地区
320411,新北区,32,江苏省,华东地区
320412,武进区,32,江苏省,华东地区
320481,溧阳市,32,江苏省,华东地区
320482,金坛市,32,江苏省,华东地区
320500,苏州市,32,江苏省,华东地区
320501,市辖区,32,江苏省,华东地区
320505,虎丘区,32,江苏省,华东地区
320506,吴中区,32,江苏省,华东地区
320507,相城区,32,江苏省,华东地区
320508,姑苏区,32,江苏省,华东地区
320509,吴江区,32,江苏省,华东地区
320581,常熟市,32,江苏省,华东地区
320582,张家港市,32,江苏省,华东地区
320583,昆山市,32,江苏省,华东地区
320585,太仓市,32,江苏省,华东地区
320600,南通市,32,江苏省,华东地区
320601,市辖区,32,江苏省,华东地区
320602,崇川区,32,江苏省,华东地区
320611,港闸区,32,江苏省,华东地区
320612,通州区,32,江苏省,华东地区
320621,海安县,32,江苏省,华东地区
320623,如东县,32,江苏省,华东地区
320681,启东市,32,江苏省,华东地区
320682,如皋市,32,江苏省,华东地区
320684,海门市,32,江苏省,华东地区
320700,连云港市,32,江苏省,华东地区
320701,市辖区,32,江苏省,华东地区
320703,连云区,32,江苏省,华东地区
320705,新浦区,32,江苏省,华东地区
320706,海州区,32,江苏省,华东地区
320721,赣榆县,32,江苏省,华东地区
320722,东海县,32,江苏省,华东地区
320723,灌云县,32,江苏省,华东地区
320724,灌南县,32,江苏省,华东地区
320800,淮安市,32,江苏省,华东地区
320801,市辖区,32,江苏省,华东地区
320802,清河区,32,江苏省,华东地区
320803,淮安区,32,江苏省,华东地区
320804,淮阴区,32,江苏省,华东地区
320811,清浦区,32,江苏省,华东地区
320826,涟水县,32,江苏省,华东地区
320829,洪泽县,32,江苏省,华东地区
320830,盱眙县,32,江苏省,华东地区
320831,金湖县,32,江苏省,华东地区
320900,盐城市,32,江苏省,华东地区
320901,市辖区,32,江苏省,华东地区
320902,亭湖区,32,江苏省,华东地区
320903,盐都区,32,江苏省,华东地区
320921,响水县,32,江苏省,华东地区
320922,滨海县,32,江苏省,华东地区
320923,阜宁县,32,江苏省,华东地区
320924,射阳县,32,江苏省,华东地区
320925,建湖县,32,江苏省,华东地区
320981,东台市,32,江苏省,华东地区
320982,大丰市,32,江苏省,华东地区
321000,扬州市,32,江苏省,华东地区
321001,市辖区,32,江苏省,华东地区
321002,广陵区,32,江苏省,华东地区
321003,邗江区,32,江苏省,华东地区
321012,江都区,32,江苏省,华东地区
321023,宝应县,32,江苏省,华东地区
321081,仪征市,32,江苏省,华东地区
321084,高邮市,32,江苏省,华东地区
321100,镇江市,32,江苏省,华东地区
321101,市辖区,32,江苏省,华东地区
321102,京口区,32,江苏省,华东地区
321111,润州区,32,江苏省,华东地区
321112,丹徒区,32,江苏省,华东地区
321181,丹阳市,32,江苏省,华东地区
321182,扬中市,32,江苏省,华东地区
321183,句容市,32,江苏省,华东地区
321200,泰州市,32,江苏省,华东地区
321201,市辖区,32,江苏省,华东地区
321202,海陵区,32,江苏省,华东地区
321203,高港区,32,江苏省,华东地区
321281,兴化市,32,江苏省,华东地区
321282,靖江市,32,江苏省,华东地区
321283,泰兴市,32,江苏省,华东地区
321284,姜堰市,32,江苏省,华东地区
321300,宿迁市,32,江苏省,华东地区
321301,市辖区,32,江苏省,华东地区
321302,宿城区,32,江苏省,华东地区
321311,宿豫区,32,江苏省,华东地区
321322,沭阳县,32,江苏省,华东地区
321323,泗阳县,32,江苏省,华东地区
321324,泗洪县,32,江苏省,华东地区
330000,浙江省,33,浙江省,华东地区
330100,杭州市,33,浙江省,华东地区
330101,市辖区,33,浙江省,华东地区
330102,上城区,33,浙江省,华东地区
330103,下城区,33,浙江省,华东地区
330104,江干区,33,浙江省,华东地区
330105,拱墅区,33,浙江省,华东地区
330106,西湖区,33,浙江省,华东地区
330108,滨江区,33,浙江省,华东地区
330109,萧山区,33,浙江省,华东地区
330110,余杭区,33,浙江省,华东地区
330122,桐庐县,33,浙江省,华东地区
330127,淳安县,33,浙江省,华东地区
330182,建德市,33,浙江省,华东地区
330183,富阳市,33,浙江省,华东地区
330185,临安市,33,浙江省,华东地区
330200,宁波市,33,浙江省,华东地区
330201,市辖区,33,浙江省,华东地区
330203,海曙区,33,浙江省,华东地区
330204,江东区,33,浙江省,华东地区
330205,江北区,33,浙江省,华东地区
330206,北仑区,33,浙江省,华东地区
330211,镇海区,33,浙江省,华东地区
330212,鄞州区,33,浙江省,华东地区
330225,象山县,33,浙江省,华东地区
330226,宁海县,33,浙江省,华东地区
330281,余姚市,33,浙江省,华东地区
330282,慈溪市,33,浙江省,华东地区
330283,奉化市,33,浙江省,华东地区
330300,温州市,33,浙江省,华东地区
330301,市辖区,33,浙江省,华东地区
330302,鹿城区,33,浙江省,华东地区
330303,龙湾区,33,浙江省,华东地区
330304,瓯海区,33,浙江省,华东地区
330322,洞头县,33,浙江省,华东地区
330324,永嘉县,33,浙江省,华东地区
330326,平阳县,33,浙江省,华东地区
330327,苍南县,33,浙江省,华东地区
330328,文成县,33,浙江省,华东地区
330329,泰顺县,33,浙江省,华东地区
330381,瑞安市,33,浙江省,华东地区
330382,乐清市,33,浙江省,华东地区
330400,嘉兴市,33,浙江省,华东地区
330401,市辖区,33,浙江省,华东地区
330402,南湖区,33,浙江省,华东地区
330411,秀洲区,33,浙江省,华东地区
330421,嘉善县,33,浙江省,华东地区
330424,海盐县,33,浙江省,华东地区
330481,海宁市,33,浙江省,华东地区
330482,平湖市,33,浙江省,华东地区
330483,桐乡市,33,浙江省,华东地区
330500,湖州市,33,浙江省,华东地区
330501,市辖区,33,浙江省,华东地区
330502,吴兴区,33,浙江省,华东地区
330503,南浔区,33,浙江省,华东地区
330521,德清县,33,浙江省,华东地区
330522,长兴县,33,浙江省,华东地区
330523,安吉县,33,浙江省,华东地区
330600,绍兴市,33,浙江省,华东地区
330601,市辖区,33,浙江省,华东地区
330602,越城区,33,浙江省,华东地区
330621,绍兴县,33,浙江省,华东地区
330624,新昌县,33,浙江省,华东地区
330681,诸暨市,33,浙江省,华东地区
330682,上虞市,33,浙江省,华东地区
330683,嵊州市,33,浙江省,华东地区
330700,金华市,33,浙江省,华东地区
330701,市辖区,33,浙江省,华东地区
330702,婺城区,33,浙江省,华东地区
330703,金东区,33,浙江省,华东地区
330723,武义县,33,浙江省,华东地区
330726,浦江县,33,浙江省,华东地区
330727,磐安县,33,浙江省,华东地区
330781,兰溪市,33,浙江省,华东地区
330782,义乌市,33,浙江省,华东地区
330783,东阳市,33,浙江省,华东地区
330784,永康市,33,浙江省,华东地区
330800,衢州市,33,浙江省,华东地区
330801,市辖区,33,浙江省,华东地区
330802,柯城区,33,浙江省,华东地区
330803,衢江区,33,浙江省,华东地区
330822,常山县,33,浙江省,华东地区
330824,开化县,33,浙江省,华东地区
330825,龙游县,33,浙江省,华东地区
330881,江山市,33,浙江省,华东地区
330900,舟山市,33,浙江省,华东地区
330901,市辖区,33,浙江省,华东地区
330902,定海区,33,浙江省,华东地区
330903,普陀区,33,浙江省,华东地区
330921,岱山县,33,浙江省,华东地区
330922,嵊泗县,33,浙江省,华东地区
331000,台州市,33,浙江省,华东地区
331001,市辖区,33,浙江省,华东地区
331002,椒江区,33,浙江省,华东地区
331003,黄岩区,33,浙江省,华东地区
331004,路桥区,33,浙江省,华东地区
331021,玉环县,33,浙江省,华东地区
331022,三门县,33,浙江省,华东地区
331023,天台县,33,浙江省,华东地区
331024,仙居县,33,浙江省,华东地区
331081,温岭市,33,浙江省,华东地区
331082,临海市,33,浙江省,华东地区
331100,丽水市,33,浙江省,华东地区
331101,市辖区,33,浙江省,华东地区
331102,莲都区,33,浙江省,华东地区
331121,青田县,33,浙江省,华东地区
331122,缙云县,33,浙江省,华东地区
331123,遂昌县,33,浙江省,华东地区
331124,松阳县,33,浙江省,华东地区
331125,云和县,33,浙江省,华东地区
331126,庆元县,33,浙江省,华东地区
331127,景宁畲族自治县,33,浙江省,华东地区
331181,龙泉市,33,浙江省,华东地区
340000,安徽省,34,安徽省,华东地区
340100,合肥市,34,安徽省,华东地区
340101,市辖区,34,安徽省,华东地区
340102,瑶海区,34,安徽省,华东地区
340103,庐阳区,34,安徽省,华东地区
340104,蜀山区,34,安徽省,华东地区
340111,包河区,34,安徽省,华东地区
340121,长丰县,34,安徽省,华东地区
340122,肥东县,34,安徽省,华东地区
340123,肥西县,34,安徽省,华东地区
340124,庐江县,34,安徽省,华东地区
340181,巢湖市,34,安徽省,华东地区
340200,芜湖市,34,安徽省,华东地区
340201,市辖区,34,安徽省,华东地区
340202,镜湖区,34,安徽省,华东地区
340203,弋江区,34,安徽省,华东地区
340207,鸠江区,34,安徽省,华东地区
340208,三山区,34,安徽省,华东地区
340221,芜湖县,34,安徽省,华东地区
340222,繁昌县,34,安徽省,华东地区
340223,南陵县,34,安徽省,华东地区
340225,无为县,34,安徽省,华东地区
340300,蚌埠市,34,安徽省,华东地区
340301,市辖区,34,安徽省,华东地区
340302,龙子湖区,34,安徽省,华东地区
340303,蚌山区,34,安徽省,华东地区
340304,禹会区,34,安徽省,华东地区
340311,淮上区,34,安徽省,华东地区
340321,怀远县,34,安徽省,华东地区
340322,五河县,34,安徽省,华东地区
340323,固镇县,34,安徽省,华东地区
340400,淮南市,34,安徽省,华东地区
340401,市辖区,34,安徽省,华东地区
340402,大通区,34,安徽省,华东地区
340403,田家庵区,34,安徽省,华东地区
340404,谢家集区,34,安徽省,华东地区
340405,八公山区,34,安徽省,华东地区
340406,潘集区,34,安徽省,华东地区
340421,凤台县,34,安徽省,华东地区
340500,马鞍山市,34,安徽省,华东地区
340501,市辖区,34,安徽省,华东地区
340503,花山区,34,安徽省,华东地区
340504,雨山区,34,安徽省,华东地区
340506,博望区,34,安徽省,华东地区
340521,当涂县,34,安徽省,华东地区
340522,含山县,34,安徽省,华东地区
340523,和县,34,安徽省,华东地区
340600,淮北市,34,安徽省,华东地区
340601,市辖区,34,安徽省,华东地区
340602,杜集区,34,安徽省,华东地区
340603,相山区,34,安徽省,华东地区
340604,烈山区,34,安徽省,华东地区
340621,濉溪县,34,安徽省,华东地区
340700,铜陵市,34,安徽省,华东地区
340701,市辖区,34,安徽省,华东地区
340702,铜官山区,34,安徽省,华东地区
340703,狮子山区,34,安徽省,华东地区
340711,郊区,34,安徽省,华东地区
340721,铜陵县,34,安徽省,华东地区
340800,安庆市,34,安徽省,华东地区
340801,市辖区,34,安徽省,华东地区
340802,迎江区,34,安徽省,华东地区
340803,大观区,34,安徽省,华东地区
340811,宜秀区,34,安徽省,华东地区
340822,怀宁县,34,安徽省,华东地区
340823,枞阳县,34,安徽省,华东地区
340824,潜山县,34,安徽省,华东地区
340825,太湖县,34,安徽省,华东地区
340826,宿松县,34,安徽省,华东地区
340827,望江县,34,安徽省,华东地区
340828,岳西县,34,安徽省,华东地区
340881,桐城市,34,安徽省,华东地区
341000,黄山市,34,安徽省,华东地区
341001,市辖区,34,安徽省,华东地区
341002,屯溪区,34,安徽省,华东地区
341003,黄山区,34,安徽省,华东地区
341004,徽州区,34,安徽省,华东地区
341021,歙县,34,安徽省,华东地区
341022,休宁县,34,安徽省,华东地区
341023,黟县,34,安徽省,华东地区
341024,祁门县,34,安徽省,华东地区
341100,滁州市,34,安徽省,华东地区
341101,市辖区,34,安徽省,华东地区
341102,琅琊区,34,安徽省,华东地区
341103,南谯区,34,安徽省,华东地区
341122,来安县,34,安徽省,华东地区
341124,全椒县,34,安徽省,华东地区
341125,定远县,34,安徽省,华东地区
341126,凤阳县,34,安徽省,华东地区
341181,天长市,34,安徽省,华东地区
341182,明光市,34,安徽省,华东地区
341200,阜阳市,34,安徽省,华东地区
341201,市辖区,34,安徽省,华东地区
341202,颍州区,34,安徽省,华东地区
341203,颍东区,34,安徽省,华东地区
341204,颍泉区,34,安徽省,华东地区
341221,临泉县,34,安徽省,华东地区
341222,太和县,34,安徽省,华东地区
341225,阜南县,34,安徽省,华东地区
341226,颍上县,34,安徽省,华东地区
341282,界首市,34,安徽省,华东地区
341300,宿州市,34,安徽省,华东地区
341301,市辖区,34,安徽省,华东地区
341302,埇桥区,34,安徽省,华东地区
341321,砀山县,34,安徽省,华东地区
341322,萧县,34,安徽省,华东地区
341323,灵璧县,34,安徽省,华东地区
341324,泗县,34,安徽省,华东地区
341500,六安市,34,安徽省,华东地区
341501,市辖区,34,安徽省,华东地区
341502,金安区,34,安徽省,华东地区
341503,裕安区,34,安徽省,华东地区
341521,寿县,34,安徽省,华东地区
341522,霍邱县,34,安徽省,华东地区
341523,舒城县,34,安徽省,华东地区
341524,金寨县,34,安徽省,华东地区
341525,霍山县,34,安徽省,华东地区
341600,亳州市,34,安徽省,华东地区
341601,市辖区,34,安徽省,华东地区
341602,谯城区,34,安徽省,华东地区
341621,涡阳县,34,安徽省,华东地区
341622,蒙城县,34,安徽省,华东地区
341623,利辛县,34,安徽省,华东地区
341700,池州市,34,安徽省,华东地区
341701,市辖区,34,安徽省,华东地区
341702,贵池区,34,安徽省,华东地区
341721,东至县,34,安徽省,华东地区
341722,石台县,34,安徽省,华东地区
341723,青阳县,34,安徽省,华东地区
341800,宣城市,34,安徽省,华东地区
341801,市辖区,34,安徽省,华东地区
341802,宣州区,34,安徽省,华东地区
341821,郎溪县,34,安徽省,华东地区
341822,广德县,34,安徽省,华东地区
341823,泾县,34,安徽省,华东地区
341824,绩溪县,34,安徽省,华东地区
341825,旌德县,34,安徽省,华东地区
341881,宁国市,34,安徽省,华东地区
350000,福建省,35,福建省,华东地区
350100,福州市,35,福建省,华东地区
350101,市辖区,35,福建省,华东地区
350102,鼓楼区,35,福建省,华东地区
350103,台江区,35,福建省,华东地区
350104,仓山区,35,福建省,华东地区
350105,马尾区,35,福建省,华东地区
350111,晋安区,35,福建省,华东地区
350121,闽侯县,35,福建省,华东地区
350122,连江县,35,福建省,华东地区
350123,罗源县,35,福建省,华东地区
350124,闽清县,35,福建省,华东地区
350125,永泰县,35,福建省,华东地区
350128,平潭县,35,福建省,华东地区
350181,福清市,35,福建省,华东地区
350182,长乐市,35,福建省,华东地区
350200,厦门市,35,福建省,华东地区
350201,市辖区,35,福建省,华东地区
350203,思明区,35,福建省,华东地区
350205,海沧区,35,福建省,华东地区
350206,湖里区,35,福建省,华东地区
350211,集美区,35,福建省,华东地区
350212,同安区,35,福建省,华东地区
350213,翔安区,35,福建省,华东地区
350300,莆田市,35,福建省,华东地区
350301,市辖区,35,福建省,华东地区
350302,城厢区,35,福建省,华东地区
350303,涵江区,35,福建省,华东地区
350304,荔城区,35,福建省,华东地区
350305,秀屿区,35,福建省,华东地区
350322,仙游县,35,福建省,华东地区
350400,三明市,35,福建省,华东地区
350401,市辖区,35,福建省,华东地区
350402,梅列区,35,福建省,华东地区
350403,三元区,35,福建省,华东地区
350421,明溪县,35,福建省,华东地区
350423,清流县,35,福建省,华东地区
350424,宁化县,35,福建省,华东地区
350425,大田县,35,福建省,华东地区
350426,尤溪县,35,福建省,华东地区
350427,沙县,35,福建省,华东地区
350428,将乐县,35,福建省,华东地区
350429,泰宁县,35,福建省,华东地区
350430,建宁县,35,福建省,华东地区
350481,永安市,35,福建省,华东地区
350500,泉州市,35,福建省,华东地区
350501,市辖区,35,福建省,华东地区
350502,鲤城区,35,福建省,华东地区
350503,丰泽区,35,福建省,华东地区
350504,洛江区,35,福建省,华东地区
350505,泉港区,35,福建省,华东地区
350521,惠安县,35,福建省,华东地区
350524,安溪县,35,福建省,华东地区
350525,永春县,35,福建省,华东地区
350526,德化县,35,福建省,华东地区
350527,金门县,35,福建省,华东地区
350581,石狮市,35,福建省,华东地区
350582,晋江市,35,福建省,华东地区
350583,南安市,35,福建省,华东地区
350600,漳州市,35,福建省,华东地区
350601,市辖区,35,福建省,华东地区
350602,芗城区,35,福建省,华东地区
350603,龙文区,35,福建省,华东地区
350622,云霄县,35,福建省,华东地区
350623,漳浦县,35,福建省,华东地区
350624,诏安县,35,福建省,华东地区
350625,长泰县,35,福建省,华东地区
350626,东山县,35,福建省,华东地区
350627,南靖县,35,福建省,华东地区
350628,平和县,35,福建省,华东地区
350629,华安县,35,福建省,华东地区
350681,龙海市,35,福建省,华东地区
350700,南平市,35,福建省,华东地区
350701,市辖区,35,福建省,华东地区
350702,延平区,35,福建省,华东地区
350721,顺昌县,35,福建省,华东地区
350722,浦城县,35,福建省,华东地区
350723,光泽县,35,福建省,华东地区
350724,松溪县,35,福建省,华东地区
350725,政和县,35,福建省,华东地区
350781,邵武市,35,福建省,华东地区
350782,武夷山市,35,福建省,华东地区
350783,建瓯市,35,福建省,华东地区
350784,建阳市,35,福建省,华东地区
350800,龙岩市,35,福建省,华东地区
350801,市辖区,35,福建省,华东地区
350802,新罗区,35,福建省,华东地区
350821,长汀县,35,福建省,华东地区
350822,永定县,35,福建省,华东地区
350823,上杭县,35,福建省,华东地区
350824,武平县,35,福建省,华东地区
350825,连城县,35,福建省,华东地区
350881,漳平市,35,福建省,华东地区
350900,宁德市,35,福建省,华东地区
350901,市辖区,35,福建省,华东地区
350902,蕉城区,35,福建省,华东地区
350921,霞浦县,35,福建省,华东地区
350922,古田县,35,福建省,华东地区
350923,屏南县,35,福建省,华东地区
350924,寿宁县,35,福建省,华东地区
350925,周宁县,35,福建省,华东地区
350926,柘荣县,35,福建省,华东地区
350981,福安市,35,福建省,华东地区
350982,福鼎市,35,福建省,华东地区
360000,江西省,36,江西省,华东地区
360100,南昌市,36,江西省,华东地区
360101,市辖区,36,江西省,华东地区
360102,东湖区,36,江西省,华东地区
360103,西湖区,36,江西省,华东地区
360104,青云谱区,36,江西省,华东地区
360105,湾里区,36,江西省,华东地区
360111,青山湖区,36,江西省,华东地区
360121,南昌县,36,江西省,华东地区
360122,新建县,36,江西省,华东地区
360123,安义县,36,江西省,华东地区
360124,进贤县,36,江西省,华东地区
360200,景德镇市,36,江西省,华东地区
360201,市辖区,36,江西省,华东地区
360202,昌江区,36,江西省,华东地区
360203,珠山区,36,江西省,华东地区
360222,浮梁县,36,江西省,华东地区
360281,乐平市,36,江西省,华东地区
360300,萍乡市,36,江西省,华东地区
360301,市辖区,36,江西省,华东地区
360302,安源区,36,江西省,华东地区
360313,湘东区,36,江西省,华东地区
360321,莲花县,36,江西省,华东地区
360322,上栗县,36,江西省,华东地区
360323,芦溪县,36,江西省,华东地区
360400,九江市,36,江西省,华东地区
360401,市辖区,36,江西省,华东地区
360402,庐山区,36,江西省,华东地区
360403,浔阳区,36,江西省,华东地区
360421,九江县,36,江西省,华东地区
360423,武宁县,36,江西省,华东地区
360424,修水县,36,江西省,华东地区
360425,永修县,36,江西省,华东地区
360426,德安县,36,江西省,华东地区
360427,星子县,36,江西省,华东地区
360428,都昌县,36,江西省,华东地区
360429,湖口县,36,江西省,华东地区
360430,彭泽县,36,江西省,华东地区
360481,瑞昌市,36,江西省,华东地区
360482,共青城市,36,江西省,华东地区
360500,新余市,36,江西省,华东地区
360501,市辖区,36,江西省,华东地区
360502,渝水区,36,江西省,华东地区
360521,分宜县,36,江西省,华东地区
360600,鹰潭市,36,江西省,华东地区
360601,市辖区,36,江西省,华东地区
360602,月湖区,36,江西省,华东地区
360622,余江县,36,江西省,华东地区
360681,贵溪市,36,江西省,华东地区
360700,赣州市,36,江西省,华东地区
360701,市辖区,36,江西省,华东地区
360702,章贡区,36,江西省,华东地区
360721,赣县,36,江西省,华东地区
360722,信丰县,36,江西省,华东地区
360723,大余县,36,江西省,华东地区
360724,上犹县,36,江西省,华东地区
360725,崇义县,36,江西省,华东地区
360726,安远县,36,江西省,华东地区
360727,龙南县,36,江西省,华东地区
360728,定南县,36,江西省,华东地区
360729,全南县,36,江西省,华东地区
360730,宁都县,36,江西省,华东地区
360731,于都县,36,江西省,华东地区
360732,兴国县,36,江西省,华东地区
360733,会昌县,36,江西省,华东地区
360734,寻乌县,36,江西省,华东地区
360735,石城县,36,江西省,华东地区
360781,瑞金市,36,江西省,华东地区
360782,南康市,36,江西省,华东地区
360800,吉安市,36,江西省,华东地区
360801,市辖区,36,江西省,华东地区
360802,吉州区,36,江西省,华东地区
360803,青原区,36,江西省,华东地区
360821,吉安县,36,江西省,华东地区
360822,吉水县,36,江西省,华东地区
360823,峡江县,36,江西省,华东地区
360824,新干县,36,江西省,华东地区
360825,永丰县,36,江西省,华东地区
360826,泰和县,36,江西省,华东地区
360827,遂川县,36,江西省,华东地区
360828,万安县,36,江西省,华东地区
360829,安福县,36,江西省,华东地区
360830,永新县,36,江西省,华东地区
360881,井冈山市,36,江西省,华东地区
360900,宜春市,36,江西省,华东地区
360901,市辖区,36,江西省,华东地区
360902,袁州区,36,江西省,华东地区
360921,奉新县,36,江西省,华东地区
360922,万载县,36,江西省,华东地区
360923,上高县,36,江西省,华东地区
360924,宜丰县,36,江西省,华东地区
360925,靖安县,36,江西省,华东地区
360926,铜鼓县,36,江西省,华东地区
360981,丰城市,36,江西省,华东地区
360982,樟树市,36,江西省,华东地区
360983,高安市,36,江西省,华东地区
361000,抚州市,36,江西省,华东地区
361001,市辖区,36,江西省,华东地区
361002,临川区,36,江西省,华东地区
361021,南城县,36,江西省,华东地区
361022,黎川县,36,江西省,华东地区
361023,南丰县,36,江西省,华东地区
361024,崇仁县,36,江西省,华东地区
361025,乐安县,36,江西省,华东地区
361026,宜黄县,36,江西省,华东地区
361027,金溪县,36,江西省,华东地区
361028,资溪县,36,江西省,华东地区
361029,东乡县,36,江西省,华东地区
361030,广昌县,36,江西省,华东地区
361100,上饶市,36,江西省,华东地区
361101,市辖区,36,江西省,华东地区
361102,信州区,36,江西省,华东地区
361121,上饶县,36,江西省,华东地区
361122,广丰县,36,江西省,华东地区
361123,玉山县,36,江西省,华东地区
361124,铅山县,36,江西省,华东地区
361125,横峰县,36,江西省,华东地区
361126,弋阳县,36,江西省,华东地区
361127,余干县,36,江西省,华东地区
361128,鄱阳县,36,江西省,华东地区
361129,万年县,36,江西省,华东地区
361130,婺源县,36,江西省,华东地区
361181,德兴市,36,江西省,华东地区
370000,山东省,37,山东省,华东地区
370100,济南市,37,山东省,华东地区
370101,市辖区,37,山东省,华东地区
370102,历下区,37,山东省,华东地区
370103,市中区,37,山东省,华东地区
370104,槐荫区,37,山东省,华东地区
370105,天桥区,37,山东省,华东地区
370112,历城区,37,山东省,华东地区
370113,长清区,37,山东省,华东地区
370124,平阴县,37,山东省,华东地区
370125,济阳县,37,山东省,华东地区
370126,商河县,37,山东省,华东地区
370181,章丘市,37,山东省,华东地区
370200,青岛市,37,山东省,华东地区
370201,市辖区,37,山东省,华东地区
370202,市南区,37,山东省,华东地区
370203,市北区,37,山东省,华东地区
370205,四方区,37,山东省,华东地区
370211,黄岛区,37,山东省,华东地区
370212,崂山区,37,山东省,华东地区
370213,李沧区,37,山东省,华东地区
370214,城阳区,37,山东省,华东地区
370281,胶州市,37,山东省,华东地区
370282,即墨市,37,山东省,华东地区
370283,平度市,37,山东省,华东地区
370284,胶南市,37,山东省,华东地区
370285,莱西市,37,山东省,华东地区
370300,淄博市,37,山东省,华东地区
370301,市辖区,37,山东省,华东地区
370302,淄川区,37,山东省,华东地区
370303,张店区,37,山东省,华东地区
370304,博山区,37,山东省,华东地区
370305,临淄区,37,山东省,华东地区
370306,周村区,37,山东省,华东地区
370321,桓台县,37,山东省,华东地区
370322,高青县,37,山东省,华东地区
370323,沂源县,37,山东省,华东地区
370400,枣庄市,37,山东省,华东地区
370401,市辖区,37,山东省,华东地区
370402,市中区,37,山东省,华东地区
370403,薛城区,37,山东省,华东地区
370404,峄城区,37,山东省,华东地区
370405,台儿庄区,37,山东省,华东地区
370406,山亭区,37,山东省,华东地区
370481,滕州市,37,山东省,华东地区
370500,东营市,37,山东省,华东地区
370501,市辖区,37,山东省,华东地区
370502,东营区,37,山东省,华东地区
370503,河口区,37,山东省,华东地区
370521,垦利县,37,山东省,华东地区
370522,利津县,37,山东省,华东地区
370523,广饶县,37,山东省,华东地区
370600,烟台市,37,山东省,华东地区
370601,市辖区,37,山东省,华东地区
370602,芝罘区,37,山东省,华东地区
370611,福山区,37,山东省,华东地区
370612,牟平区,37,山东省,华东地区
370613,莱山区,37,山东省,华东地区
370634,长岛县,37,山东省,华东地区
370681,龙口市,37,山东省,华东地区
370682,莱阳市,37,山东省,华东地区
370683,莱州市,37,山东省,华东地区
370684,蓬莱市,37,山东省,华东地区
370685,招远市,37,山东省,华东地区
370686,栖霞市,37,山东省,华东地区
370687,海阳市,37,山东省,华东地区
370700,潍坊市,37,山东省,华东地区
370701,市辖区,37,山东省,华东地区
370702,潍城区,37,山东省,华东地区
370703,寒亭区,37,山东省,华东地区
370704,坊子区,37,山东省,华东地区
370705,奎文区,37,山东省,华东地区
370724,临朐县,37,山东省,华东地区
370725,昌乐县,37,山东省,华东地区
370781,青州市,37,山东省,华东地区
370782,诸城市,37,山东省,华东地区
370783,寿光市,37,山东省,华东地区
370784,安丘市,37,山东省,华东地区
370785,高密市,37,山东省,华东地区
370786,昌邑市,37,山东省,华东地区
370800,济宁市,37,山东省,华东地区
370801,市辖区,37,山东省,华东地区
370802,市中区,37,山东省,华东地区
370811,任城区,37,山东省,华东地区
370826,微山县,37,山东省,华东地区
370827,鱼台县,37,山东省,华东地区
370828,金乡县,37,山东省,华东地区
370829,嘉祥县,37,山东省,华东地区
370830,汶上县,37,山东省,华东地区
370831,泗水县,37,山东省,华东地区
370832,梁山县,37,山东省,华东地区
370881,曲阜市,37,山东省,华东地区
370882,兖州市,37,山东省,华东地区
370883,邹城市,37,山东省,华东地区
370900,泰安市,37,山东省,华东地区
370901,市辖区,37,山东省,华东地区
370902,泰山区,37,山东省,华东地区
370911,岱岳区,37,山东省,华东地区
370921,宁阳县,37,山东省,华东地区
370923,东平县,37,山东省,华东地区
370982,新泰市,37,山东省,华东地区
370983,肥城市,37,山东省,华东地区
371000,威海市,37,山东省,华东地区
371001,市辖区,37,山东省,华东地区
371002,环翠区,37,山东省,华东地区
371081,文登市,37,山东省,华东地区
371082,荣成市,37,山东省,华东地区
371083,乳山市,37,山东省,华东地区
371100,日照市,37,山东省,华东地区
371101,市辖区,37,山东省,华东地区
371102,东港区,37,山东省,华东地区
371103,岚山区,37,山东省,华东地区
371121,五莲县,37,山东省,华东地区
371122,莒县,37,山东省,华东地区
371200,莱芜市,37,山东省,华东地区
371201,市辖区,37,山东省,华东地区
371202,莱城区,37,山东省,华东地区
371203,钢城区,37,山东省,华东地区
371300,临沂市,37,山东省,华东地区
371301,市辖区,37,山东省,华东地区
371302,兰山区,37,山东省,华东地区
371311,罗庄区,37,山东省,华东地区
371312,河东区,37,山东省,华东地区
371321,沂南县,37,山东省,华东地区
371322,郯城县,37,山东省,华东地区
371323,沂水县,37,山东省,华东地区
371324,苍山县,37,山东省,华东地区
371325,费县,37,山东省,华东地区
371326,平邑县,37,山东省,华东地区
371327,莒南县,37,山东省,华东地区
371328,蒙阴县,37,山东省,华东地区
371329,临沭县,37,山东省,华东地区
371400,德州市,37,山东省,华东地区
371401,市辖区,37,山东省,华东地区
371402,德城区,37,山东省,华东地区
371421,陵县,37,山东省,华东地区
371422,宁津县,37,山东省,华东地区
371423,庆云县,37,山东省,华东地区
371424,临邑县,37,山东省,华东地区
371425,齐河县,37,山东省,华东地区
371426,平原县,37,山东省,华东地区
371427,夏津县,37,山东省,华东地区
371428,武城县,37,山东省,华东地区
371481,乐陵市,37,山东省,华东地区
371482,禹城市,37,山东省,华东地区
371500,聊城市,37,山东省,华东地区
371501,市辖区,37,山东省,华东地区
371502,东昌府区,37,山东省,华东地区
371521,阳谷县,37,山东省,华东地区
371522,莘县,37,山东省,华东地区
371523,茌平县,37,山东省,华东地区
371524,东阿县,37,山东省,华东地区
371525,冠县,37,山东省,华东地区
371526,高唐县,37,山东省,华东地区
371581,临清市,37,山东省,华东地区
371600,滨州市,37,山东省,华东地区
371601,市辖区,37,山东省,华东地区
371602,滨城区,37,山东省,华东地区
371621,惠民县,37,山东省,华东地区
371622,阳信县,37,山东省,华东地区
371623,无棣县,37,山东省,华东地区
371624,沾化县,37,山东省,华东地区
371625,博兴县,37,山东省,华东地区
371626,邹平县,37,山东省,华东地区
371700,菏泽市,37,山东省,华东地区
371701,市辖区,37,山东省,华东地区
371702,牡丹区,37,山东省,华东地区
371721,曹县,37,山东省,华东地区
371722,单县,37,山东省,华东地区
371723,成武县,37,山东省,华东地区
371724,巨野县,37,山东省,华东地区
371725,郓城县,37,山东省,华东地区
371726,鄄城县,37,山东省,华东地区
371727,定陶县,37,山东省,华东地区
371728,东明县,37,山东省,华东地区
410000,河南省,41,河南省,华中地区
410100,郑州市,41,河南省,华中地区
410101,市辖区,41,河南省,华中地区
410102,中原区,41,河南省,华中地区
410103,二七区,41,河南省,华中地区
410104,管城回族区,41,河南省,华中地区
410105,金水区,41,河南省,华中地区
410106,上街区,41,河南省,华中地区
410108,惠济区,41,河南省,华中地区
410122,中牟县,41,河南省,华中地区
410181,巩义市,41,河南省,华中地区
410182,荥阳市,41,河南省,华中地区
410183,新密市,41,河南省,华中地区
410184,新郑市,41,河南省,华中地区
410185,登封市,41,河南省,华中地区
410200,开封市,41,河南省,华中地区
410201,市辖区,41,河南省,华中地区
410202,龙亭区,41,河南省,华中地区
410203,顺河回族区,41,河南省,华中地区
410204,鼓楼区,41,河南省,华中地区
410205,禹王台区,41,河南省,华中地区
410211,金明区,41,河南省,华中地区
410221,杞县,41,河南省,华中地区
410222,通许县,41,河南省,华中地区
410223,尉氏县,41,河南省,华中地区
410224,开封县,41,河南省,华中地区
410225,兰考县,41,河南省,华中地区
410300,洛阳市,41,河南省,华中地区
410301,市辖区,41,河南省,华中地区
410302,老城区,41,河南省,华中地区
410303,西工区,41,河南省,华中地区
410304,瀍河回族区,41,河南省,华中地区
410305,涧西区,41,河南省,华中地区
410306,吉利区,41,河南省,华中地区
410311,洛龙区,41,河南省,华中地区
410322,孟津县,41,河南省,华中地区
410323,新安县,41,河南省,华中地区
410324,栾川县,41,河南省,华中地区
410325,嵩县,41,河南省,华中地区
410326,汝阳县,41,河南省,华中地区
410327,宜阳县,41,河南省,华中地区
410328,洛宁县,41,河南省,华中地区
410329,伊川县,41,河南省,华中地区
410381,偃师市,41,河南省,华中地区
410400,平顶山市,41,河南省,华中地区
410401,市辖区,41,河南省,华中地区
410402,新华区,41,河南省,华中地区
410403,卫东区,41,河南省,华中地区
410404,石龙区,41,河南省,华中地区
410411,湛河区,41,河南省,华中地区
410421,宝丰县,41,河南省,华中地区
410422,叶县,41,河南省,华中地区
410423,鲁山县,41,河南省,华中地区
410425,郏县,41,河南省,华中地区
410481,舞钢市,41,河南省,华中地区
410482,汝州市,41,河南省,华中地区
410500,安阳市,41,河南省,华中地区
410501,市辖区,41,河南省,华中地区
410502,文峰区,41,河南省,华中地区
410503,北关区,41,河南省,华中地区
410505,殷都区,41,河南省,华中地区
410506,龙安区,41,河南省,华中地区
410522,安阳县,41,河南省,华中地区
410523,汤阴县,41,河南省,华中地区
410526,滑县,41,河南省,华中地区
410527,内黄县,41,河南省,华中地区
410581,林州市,41,河南省,华中地区
410600,鹤壁市,41,河南省,华中地区
410601,市辖区,41,河南省,华中地区
410602,鹤山区,41,河南省,华中地区
410603,山城区,41,河南省,华中地区
410611,淇滨区,41,河南省,华中地区
410621,浚县,41,河南省,华中地区
410622,淇县,41,河南省,华中地区
410700,新乡市,41,河南省,华中地区
410701,市辖区,41,河南省,华中地区
410702,红旗区,41,河南省,华中地区
410703,卫滨区,41,河南省,华中地区
410704,凤泉区,41,河南省,华中地区
410711,牧野区,41,河南省,华中地区
410721,新乡县,41,河南省,华中地区
410724,获嘉县,41,河南省,华中地区
410725,原阳县,41,河南省,华中地区
410726,延津县,41,河南省,华中地区
410727,封丘县,41,河南省,华中地区
410728,长垣县,41,河南省,华中地区
410781,卫辉市,41,河南省,华中地区
410782,辉县市,41,河南省,华中地区
410800,焦作市,41,河南省,华中地区
410801,市辖区,41,河南省,华中地区
410802,解放区,41,河南省,华中地区
410803,中站区,41,河南省,华中地区
410804,马村区,41,河南省,华中地区
410811,山阳区,41,河南省,华中地区
410821,修武县,41,河南省,华中地区
410822,博爱县,41,河南省,华中地区
410823,武陟县,41,河南省,华中地区
410825,温县,41,河南省,华中地区
410882,沁阳市,41,河南省,华中地区
410883,孟州市,41,河南省,华中地区
410900,濮阳市,41,河南省,华中地区
410901,市辖区,41,河南省,华中地区
410902,华龙区,41,河南省,华中地区
410922,清丰县,41,河南省,华中地区
410923,南乐县,41,河南省,华中地区
410926,范县,41,河南省,华中地区
410927,台前县,41,河南省,华中地区
410928,濮阳县,41,河南省,华中地区
411000,许昌市,41,河南省,华中地区
411001,市辖区,41,河南省,华中地区
411002,魏都区,41,河南省,华中地区
411023,许昌县,41,河南省,华中地区
411024,鄢陵县,41,河南省,华中地区
411025,襄城县,41,河南省,华中地区
411081,禹州市,41,河南省,华中地区
411082,长葛市,41,河南省,华中地区
411100,漯河市,41,河南省,华中地区
411101,市辖区,41,河南省,华中地区
411102,源汇区,41,河南省,华中地区
411103,郾城区,41,河南省,华中地区
411104,召陵区,41,河南省,华中地区
411121,舞阳县,41,河南省,华中地区
411122,临颍县,41,河南省,华中地区
411200,三门峡市,41,河南省,华中地区
411201,市辖区,41,河南省,华中地区
411202,湖滨区,41,河南省,华中地区
411221,渑池县,41,河南省,华中地区
411222,陕县,41,河南省,华中地区
411224,卢氏县,41,河南省,华中地区
411281,义马市,41,河南省,华中地区
411282,灵宝市,41,河南省,华中地区
411300,南阳市,41,河南省,华中地区
411301,市辖区,41,河南省,华中地区
411302,宛城区,41,河南省,华中地区
411303,卧龙区,41,河南省,华中地区
411321,南召县,41,河南省,华中地区
411322,方城县,41,河南省,华中地区
411323,西峡县,41,河南省,华中地区
411324,镇平县,41,河南省,华中地区
411325,内乡县,41,河南省,华中地区
411326,淅川县,41,河南省,华中地区
411327,社旗县,41,河南省,华中地区
411328,唐河县,41,河南省,华中地区
411329,新野县,41,河南省,华中地区
411330,桐柏县,41,河南省,华中地区
411381,邓州市,41,河南省,华中地区
411400,商丘市,41,河南省,华中地区
411401,市辖区,41,河南省,华中地区
411402,梁园区,41,河南省,华中地区
411403,睢阳区,41,河南省,华中地区
411421,民权县,41,河南省,华中地区
411422,睢县,41,河南省,华中地区
411423,宁陵县,41,河南省,华中地区
411424,柘城县,41,河南省,华中地区
411425,虞城县,41,河南省,华中地区
411426,夏邑县,41,河南省,华中地区
411481,永城市,41,河南省,华中地区
411500,信阳市,41,河南省,华中地区
411501,市辖区,41,河南省,华中地区
411502,浉河区,41,河南省,华中地区
411503,平桥区,41,河南省,华中地区
411521,罗山县,41,河南省,华中地区
411522,光山县,41,河南省,华中地区
411523,新县,41,河南省,华中地区
411524,商城县,41,河南省,华中地区
411525,固始县,41,河南省,华中地区
411526,潢川县,41,河南省,华中地区
411527,淮滨县,41,河南省,华中地区
411528,息县,41,河南省,华中地区
411600,周口市,41,河南省,华中地区
411601,市辖区,41,河南省,华中地区
411602,川汇区,41,河南省,华中地区
411621,扶沟县,41,河南省,华中地区
411622,西华县,41,河南省,华中地区
411623,商水县,41,河南省,华中地区
411624,沈丘县,41,河南省,华中地区
411625,郸城县,41,河南省,华中地区
411626,淮阳县,41,河南省,华中地区
411627,太康县,41,河南省,华中地区
411628,鹿邑县,41,河南省,华中地区
411681,项城市,41,河南省,华中地区
411700,驻马店市,41,河南省,华中地区
411701,市辖区,41,河南省,华中地区
411702,驿城区,41,河南省,华中地区
411721,西平县,41,河南省,华中地区
411722,上蔡县,41,河南省,华中地区
411723,平舆县,41,河南省,华中地区
411724,正阳县,41,河南省,华中地区
411725,确山县,41,河南省,华中地区
411726,泌阳县,41,河南省,华中地区
411727,汝南县,41,河南省,华中地区
411728,遂平县,41,河南省,华中地区
411729,新蔡县,41,河南省,华中地区
419000,省直辖县级行政区划,41,河南省,华中地区
419001,济源市,41,河南省,华中地区
420000,湖北省,42,湖北省,华中地区
420100,武汉市,42,湖北省,华中地区
420101,市辖区,42,湖北省,华中地区
420102,江岸区,42,湖北省,华中地区
420103,江汉区,42,湖北省,华中地区
420104,硚口区,42,湖北省,华中地区
420105,汉阳区,42,湖北省,华中地区
420106,武昌区,42,湖北省,华中地区
420107,青山区,42,湖北省,华中地区
420111,洪山区,42,湖北省,华中地区
420112,东西湖区,42,湖北省,华中地区
420113,汉南区,42,湖北省,华中地区
420114,蔡甸区,42,湖北省,华中地区
420115,江夏区,42,湖北省,华中地区
420116,黄陂区,42,湖北省,华中地区
420117,新洲区,42,湖北省,华中地区
420200,黄石市,42,湖北省,华中地区
420201,市辖区,42,湖北省,华中地区
420202,黄石港区,42,湖北省,华中地区
420203,西塞山区,42,湖北省,华中地区
420204,下陆区,42,湖北省,华中地区
420205,铁山区,42,湖北省,华中地区
420222,阳新县,42,湖北省,华中地区
420281,大冶市,42,湖北省,华中地区
420300,十堰市,42,湖北省,华中地区
420301,市辖区,42,湖北省,华中地区
420302,茅箭区,42,湖北省,华中地区
420303,张湾区,42,湖北省,华中地区
420321,郧县,42,湖北省,华中地区
420322,郧西县,42,湖北省,华中地区
420323,竹山县,42,湖北省,华中地区
420324,竹溪县,42,湖北省,华中地区
420325,房县,42,湖北省,华中地区
420381,丹江口市,42,湖北省,华中地区
420500,宜昌市,42,湖北省,华中地区
420501,市辖区,42,湖北省,华中地区
420502,西陵区,42,湖北省,华中地区
420503,伍家岗区,42,湖北省,华中地区
420504,点军区,42,湖北省,华中地区
420505,猇亭区,42,湖北省,华中地区
420506,夷陵区,42,湖北省,华中地区
420525,远安县,42,湖北省,华中地区
420526,兴山县,42,湖北省,华中地区
420527,秭归县,42,湖北省,华中地区
420528,长阳土家族自治县,42,湖北省,华中地区
420529,五峰土家族自治县,42,湖北省,华中地区
420581,宜都市,42,湖北省,华中地区
420582,当阳市,42,湖北省,华中地区
420583,枝江市,42,湖北省,华中地区
420600,襄阳市,42,湖北省,华中地区
420601,市辖区,42,湖北省,华中地区
420602,襄城区,42,湖北省,华中地区
420606,樊城区,42,湖北省,华中地区
420607,襄州区,42,湖北省,华中地区
420624,南漳县,42,湖北省,华中地区
420625,谷城县,42,湖北省,华中地区
420626,保康县,42,湖北省,华中地区
420682,老河口市,42,湖北省,华中地区
420683,枣阳市,42,湖北省,华中地区
420684,宜城市,42,湖北省,华中地区
420700,鄂州市,42,湖北省,华中地区
420701,市辖区,42,湖北省,华中地区
420702,梁子湖区,42,湖北省,华中地区
420703,华容区,42,湖北省,华中地区
420704,鄂城区,42,湖北省,华中地区
420800,荆门市,42,湖北省,华中地区
420801,市辖区,42,湖北省,华中地区
420802,东宝区,42,湖北省,华中地区
420804,掇刀区,42,湖北省,华中地区
420821,京山县,42,湖北省,华中地区
420822,沙洋县,42,湖北省,华中地区
420881,钟祥市,42,湖北省,华中地区
420900,孝感市,42,湖北省,华中地区
420901,市辖区,42,湖北省,华中地区
420902,孝南区,42,湖北省,华中地区
420921,孝昌县,42,湖北省,华中地区
420922,大悟县,42,湖北省,华中地区
420923,云梦县,42,湖北省,华中地区
420981,应城市,42,湖北省,华中地区
420982,安陆市,42,湖北省,华中地区
420984,汉川市,42,湖北省,华中地区
421000,荆州市,42,湖北省,华中地区
421001,市辖区,42,湖北省,华中地区
421002,沙市区,42,湖北省,华中地区
421003,荆州区,42,湖北省,华中地区
421022,公安县,42,湖北省,华中地区
421023,监利县,42,湖北省,华中地区
421024,江陵县,42,湖北省,华中地区
421081,石首市,42,湖北省,华中地区
421083,洪湖市,42,湖北省,华中地区
421087,松滋市,42,湖北省,华中地区
421100,黄冈市,42,湖北省,华中地区
421101,市辖区,42,湖北省,华中地区
421102,黄州区,42,湖北省,华中地区
421121,团风县,42,湖北省,华中地区
421122,红安县,42,湖北省,华中地区
421123,罗田县,42,湖北省,华中地区
421124,英山县,42,湖北省,华中地区
421125,浠水县,42,湖北省,华中地区
421126,蕲春县,42,湖北省,华中地区
421127,黄梅县,42,湖北省,华中地区
421181,麻城市,42,湖北省,华中地区
421182,武穴市,42,湖北省,华中地区
421200,咸宁市,42,湖北省,华中地区
421201,市辖区,42,湖北省,华中地区
421202,咸安区,42,湖北省,华中地区
421221,嘉鱼县,42,湖北省,华中地区
421222,通城县,42,湖北省,华中地区
421223,崇阳县,42,湖北省,华中地区
421224,通山县,42,湖北省,华中地区
421281,赤壁市,42,湖北省,华中地区
421300,随州市,42,湖北省,华中地区
421301,市辖区,42,湖北省,华中地区
421303,曾都区,42,湖北省,华中地区
421321,随县,42,湖北省,华中地区
421381,广水市,42,湖北省,华中地区
422800,恩施土家族苗族自治州,42,湖北省,华中地区
422801,恩施市,42,湖北省,华中地区
422802,利川市,42,湖北省,华中地区
422822,建始县,42,湖北省,华中地区
422823,巴东县,42,湖北省,华中地区
422825,宣恩县,42,湖北省,华中地区
422826,咸丰县,42,湖北省,华中地区
422827,来凤县,42,湖北省,华中地区
422828,鹤峰县,42,湖北省,华中地区
429000,省直辖县级行政区划,42,湖北省,华中地区
429004,仙桃市,42,湖北省,华中地区
429005,潜江市,42,湖北省,华中地区
429006,天门市,42,湖北省,华中地区
429021,神农架林区,42,湖北省,华中地区
430000,湖南省,43,湖南省,华中地区
430100,长沙市,43,湖南省,华中地区
430101,市辖区,43,湖南省,华中地区
430102,芙蓉区,43,湖南省,华中地区
430103,天心区,43,湖南省,华中地区
430104,岳麓区,43,湖南省,华中地区
430105,开福区,43,湖南省,华中地区
430111,雨花区,43,湖南省,华中地区
430112,望城区,43,湖南省,华中地区
430121,长沙县,43,湖南省,华中地区
430124,宁乡县,43,湖南省,华中地区
430181,浏阳市,43,湖南省,华中地区
430200,株洲市,43,湖南省,华中地区
430201,市辖区,43,湖南省,华中地区
430202,荷塘区,43,湖南省,华中地区
430203,芦淞区,43,湖南省,华中地区
430204,石峰区,43,湖南省,华中地区
430211,天元区,43,湖南省,华中地区
430221,株洲县,43,湖南省,华中地区
430223,攸县,43,湖南省,华中地区
430224,茶陵县,43,湖南省,华中地区
430225,炎陵县,43,湖南省,华中地区
430281,醴陵市,43,湖南省,华中地区
430300,湘潭市,43,湖南省,华中地区
430301,市辖区,43,湖南省,华中地区
430302,雨湖区,43,湖南省,华中地区
430304,岳塘区,43,湖南省,华中地区
430321,湘潭县,43,湖南省,华中地区
430381,湘乡市,43,湖南省,华中地区
430382,韶山市,43,湖南省,华中地区
430400,衡阳市,43,湖南省,华中地区
430401,市辖区,43,湖南省,华中地区
430405,珠晖区,43,湖南省,华中地区
430406,雁峰区,43,湖南省,华中地区
430407,石鼓区,43,湖南省,华中地区
430408,蒸湘区,43,湖南省,华中地区
430412,南岳区,43,湖南省,华中地区
430421,衡阳县,43,湖南省,华中地区
430422,衡南县,43,湖南省,华中地区
430423,衡山县,43,湖南省,华中地区
430424,衡东县,43,湖南省,华中地区
430426,祁东县,43,湖南省,华中地区
430481,耒阳市,43,湖南省,华中地区
430482,常宁市,43,湖南省,华中地区
430500,邵阳市,43,湖南省,华中地区
430501,市辖区,43,湖南省,华中地区
430502,双清区,43,湖南省,华中地区
430503,大祥区,43,湖南省,华中地区
430511,北塔区,43,湖南省,华中地区
430521,邵东县,43,湖南省,华中地区
430522,新邵县,43,湖南省,华中地区
430523,邵阳县,43,湖南省,华中地区
430524,隆回县,43,湖南省,华中地区
430525,洞口县,43,湖南省,华中地区
430527,绥宁县,43,湖南省,华中地区
430528,新宁县,43,湖南省,华中地区
430529,城步苗族自治县,43,湖南省,华中地区
430581,武冈市,43,湖南省,华中地区
430600,岳阳市,43,湖南省,华中地区
430601,市辖区,43,湖南省,华中地区
430602,岳阳楼区,43,湖南省,华中地区
430603,云溪区,43,湖南省,华中地区
430611,君山区,43,湖南省,华中地区
430621,岳阳县,43,湖南省,华中地区
430623,华容县,43,湖南省,华中地区
430624,湘阴县,43,湖南省,华中地区
430626,平江县,43,湖南省,华中地区
430681,汨罗市,43,湖南省,华中地区
430682,临湘市,43,湖南省,华中地区
430700,常德市,43,湖南省,华中地区
430701,市辖区,43,湖南省,华中地区
430702,武陵区,43,湖南省,华中地区
430703,鼎城区,43,湖南省,华中地区
430721,安乡县,43,湖南省,华中地区
430722,汉寿县,43,湖南省,华中地区
430723,澧县,43,湖南省,华中地区
430724,临澧县,43,湖南省,华中地区
430725,桃源县,43,湖南省,华中地区
430726,石门县,43,湖南省,华中地区
430781,津市市,43,湖南省,华中地区
430800,张家界市,43,湖南省,华中地区
430801,市辖区,43,湖南省,华中地区
430802,永定区,43,湖南省,华中地区
430811,武陵源区,43,湖南省,华中地区
430821,慈利县,43,湖南省,华中地区
430822,桑植县,43,湖南省,华中地区
430900,益阳市,43,湖南省,华中地区
430901,市辖区,43,湖南省,华中地区
430902,资阳区,43,湖南省,华中地区
430903,赫山区,43,湖南省,华中地区
430921,南县,43,湖南省,华中地区
430922,桃江县,43,湖南省,华中地区
430923,安化县,43,湖南省,华中地区
430981,沅江市,43,湖南省,华中地区
431000,郴州市,43,湖南省,华中地区
431001,市辖区,43,湖南省,华中地区
431002,北湖区,43,湖南省,华中地区
431003,苏仙区,43,湖南省,华中地区
431021,桂阳县,43,湖南省,华中地区
431022,宜章县,43,湖南省,华中地区
431023,永兴县,43,湖南省,华中地区
431024,嘉禾县,43,湖南省,华中地区
431025,临武县,43,湖南省,华中地区
431026,汝城县,43,湖南省,华中地区
431027,桂东县,43,湖南省,华中地区
431028,安仁县,43,湖南省,华中地区
431081,资兴市,43,湖南省,华中地区
431100,永州市,43,湖南省,华中地区
431101,市辖区,43,湖南省,华中地区
431102,零陵区,43,湖南省,华中地区
431103,冷水滩区,43,湖南省,华中地区
431121,祁阳县,43,湖南省,华中地区
431122,东安县,43,湖南省,华中地区
431123,双牌县,43,湖南省,华中地区
431124,道县,43,湖南省,华中地区
431125,江永县,43,湖南省,华中地区
431126,宁远县,43,湖南省,华中地区
431127,蓝山县,43,湖南省,华中地区
431128,新田县,43,湖南省,华中地区
431129,江华瑶族自治县,43,湖南省,华中地区
431200,怀化市,43,湖南省,华中地区
431201,市辖区,43,湖南省,华中地区
431202,鹤城区,43,湖南省,华中地区
431221,中方县,43,湖南省,华中地区
431222,沅陵县,43,湖南省,华中地区
431223,辰溪县,43,湖南省,华中地区
431224,溆浦县,43,湖南省,华中地区
431225,会同县,43,湖南省,华中地区
431226,麻阳苗族自治县,43,湖南省,华中地区
431227,新晃侗族自治县,43,湖南省,华中地区
431228,芷江侗族自治县,43,湖南省,华中地区
431229,靖州苗族侗族自治县,43,湖南省,华中地区
431230,通道侗族自治县,43,湖南省,华中地区
431281,洪江市,43,湖南省,华中地区
431300,娄底市,43,湖南省,华中地区
431301,市辖区,43,湖南省,华中地区
431302,娄星区,43,湖南省,华中地区
431321,双峰县,43,湖南省,华中地区
431322,新化县,43,湖南省,华中地区
431381,冷水江市,43,湖南省,华中地区
431382,涟源市,43,湖南省,华中地区
433100,湘西土家族苗族自治州,43,湖南省,华中地区
433101,吉首市,43,湖南省,华中地区
433122,泸溪县,43,湖南省,华中地区
433123,凤凰县,43,湖南省,华中地区
433124,花垣县,43,湖南省,华中地区
433125,保靖县,43,湖南省,华中地区
433126,古丈县,43,湖南省,华中地区
433127,永顺县,43,湖南省,华中地区
433130,龙山县,43,湖南省,华中地区
440000,广东省,44,广东省,华南地区
440100,广州市,44,广东省,华南地区
440101,市辖区,44,广东省,华南地区
440103,荔湾区,44,广东省,华南地区
440104,越秀区,44,广东省,华南地区
440105,海珠区,44,广东省,华南地区
440106,天河区,44,广东省,华南地区
440111,白云区,44,广东省,华南地区
440112,黄埔区,44,广东省,华南地区
440113,番禺区,44,广东省,华南地区
440114,花都区,44,广东省,华南地区
440115,南沙区,44,广东省,华南地区
440116,萝岗区,44,广东省,华南地区
440183,增城市,44,广东省,华南地区
440184,从化市,44,广东省,华南地区
440200,韶关市,44,广东省,华南地区
440201,市辖区,44,广东省,华南地区
440203,武江区,44,广东省,华南地区
440204,浈江区,44,广东省,华南地区
440205,曲江区,44,广东省,华南地区
440222,始兴县,44,广东省,华南地区
440224,仁化县,44,广东省,华南地区
440229,翁源县,44,广东省,华南地区
440232,乳源瑶族自治县,44,广东省,华南地区
440233,新丰县,44,广东省,华南地区
440281,乐昌市,44,广东省,华南地区
440282,南雄市,44,广东省,华南地区
440300,深圳市,44,广东省,华南地区
440301,市辖区,44,广东省,华南地区
440303,罗湖区,44,广东省,华南地区
440304,福田区,44,广东省,华南地区
440305,南山区,44,广东省,华南地区
440306,宝安区,44,广东省,华南地区
440307,龙岗区,44,广东省,华南地区
440308,盐田区,44,广东省,华南地区
440400,珠海市,44,广东省,华南地区
440401,市辖区,44,广东省,华南地区
440402,香洲区,44,广东省,华南地区
440403,斗门区,44,广东省,华南地区
440404,金湾区,44,广东省,华南地区
440500,汕头市,44,广东省,华南地区
440501,市辖区,44,广东省,华南地区
440507,龙湖区,44,广东省,华南地区
440511,金平区,44,广东省,华南地区
440512,濠江区,44,广东省,华南地区
440513,潮阳区,44,广东省,华南地区
440514,潮南区,44,广东省,华南地区
440515,澄海区,44,广东省,华南地区
440523,南澳县,44,广东省,华南地区
440600,佛山市,44,广东省,华南地区
440601,市辖区,44,广东省,华南地区
440604,禅城区,44,广东省,华南地区
440605,南海区,44,广东省,华南地区
440606,顺德区,44,广东省,华南地区
440607,三水区,44,广东省,华南地区
440608,高明区,44,广东省,华南地区
440700,江门市,44,广东省,华南地区
440701,市辖区,44,广东省,华南地区
440703,蓬江区,44,广东省,华南地区
440704,江海区,44,广东省,华南地区
440705,新会区,44,广东省,华南地区
440781,台山市,44,广东省,华南地区
440783,开平市,44,广东省,华南地区
440784,鹤山市,44,广东省,华南地区
440785,恩平市,44,广东省,华南地区
440800,湛江市,44,广东省,华南地区
440801,市辖区,44,广东省,华南地区
440802,赤坎区,44,广东省,华南地区
440803,霞山区,44,广东省,华南地区
440804,坡头区,44,广东省,华南地区
440811,麻章区,44,广东省,华南地区
440823,遂溪县,44,广东省,华南地区
440825,徐闻县,44,广东省,华南地区
440881,廉江市,44,广东省,华南地区
440882,雷州市,44,广东省,华南地区
440883,吴川市,44,广东省,华南地区
440900,茂名市,44,广东省,华南地区
440901,市辖区,44,广东省,华南地区
440902,茂南区,44,广东省,华南地区
440903,茂港区,44,广东省,华南地区
440923,电白县,44,广东省,华南地区
440981,高州市,44,广东省,华南地区
440982,化州市,44,广东省,华南地区
440983,信宜市,44,广东省,华南地区
441200,肇庆市,44,广东省,华南地区
441201,市辖区,44,广东省,华南地区
441202,端州区,44,广东省,华南地区
441203,鼎湖区,44,广东省,华南地区
441223,广宁县,44,广东省,华南地区
441224,怀集县,44,广东省,华南地区
441225,封开县,44,广东省,华南地区
441226,德庆县,44,广东省,华南地区
441283,高要市,44,广东省,华南地区
441284,四会市,44,广东省,华南地区
441300,惠州市,44,广东省,华南地区
441301,市辖区,44,广东省,华南地区
441302,惠城区,44,广东省,华南地区
441303,惠阳区,44,广东省,华南地区
441322,博罗县,44,广东省,华南地区
441323,惠东县,44,广东省,华南地区
441324,龙门县,44,广东省,华南地区
441400,梅州市,44,广东省,华南地区
441401,市辖区,44,广东省,华南地区
441402,梅江区,44,广东省,华南地区
441421,梅县,44,广东省,华南地区
441422,大埔县,44,广东省,华南地区
441423,丰顺县,44,广东省,华南地区
441424,五华县,44,广东省,华南地区
441426,平远县,44,广东省,华南地区
441427,蕉岭县,44,广东省,华南地区
441481,兴宁市,44,广东省,华南地区
441500,汕尾市,44,广东省,华南地区
441501,市辖区,44,广东省,华南地区
441502,城区,44,广东省,华南地区
441521,海丰县,44,广东省,华南地区
441523,陆河县,44,广东省,华南地区
441581,陆丰市,44,广东省,华南地区
441600,河源市,44,广东省,华南地区
441601,市辖区,44,广东省,华南地区
441602,源城区,44,广东省,华南地区
441621,紫金县,44,广东省,华南地区
441622,龙川县,44,广东省,华南地区
441623,连平县,44,广东省,华南地区
441624,和平县,44,广东省,华南地区
441625,东源县,44,广东省,华南地区
441700,阳江市,44,广东省,华南地区
441701,市辖区,44,广东省,华南地区
441702,江城区,44,广东省,华南地区
441721,阳西县,44,广东省,华南地区
441723,阳东县,44,广东省,华南地区
441781,阳春市,44,广东省,华南地区
441800,清远市,44,广东省,华南地区
441801,市辖区,44,广东省,华南地区
441802,清城区,44,广东省,华南地区
441821,佛冈县,44,广东省,华南地区
441823,阳山县,44,广东省,华南地区
441825,连山壮族瑶族自治县,44,广东省,华南地区
441826,连南瑶族自治县,44,广东省,华南地区
441827,清新县,44,广东省,华南地区
441881,英德市,44,广东省,华南地区
441882,连州市,44,广东省,华南地区
441900,东莞市,44,广东省,华南地区
442000,中山市,44,广东省,华南地区
445100,潮州市,44,广东省,华南地区
445101,市辖区,44,广东省,华南地区
445102,湘桥区,44,广东省,华南地区
445121,潮安县,44,广东省,华南地区
445122,饶平县,44,广东省,华南地区
445200,揭阳市,44,广东省,华南地区
445201,市辖区,44,广东省,华南地区
445202,榕城区,44,广东省,华南地区
445221,揭东县,44,广东省,华南地区
445222,揭西县,44,广东省,华南地区
445224,惠来县,44,广东省,华南地区
445281,普宁市,44,广东省,华南地区
445300,云浮市,44,广东省,华南地区
445301,市辖区,44,广东省,华南地区
445302,云城区,44,广东省,华南地区
445321,新兴县,44,广东省,华南地区
445322,郁南县,44,广东省,华南地区
445323,云安县,44,广东省,华南地区
445381,罗定市,44,广东省,华南地区
450000,广西壮族自治区,45,广西壮族自治区,华南地区
450100,南宁市,45,广西壮族自治区,华南地区
450101,市辖区,45,广西壮族自治区,华南地区
450102,兴宁区,45,广西壮族自治区,华南地区
450103,青秀区,45,广西壮族自治区,华南地区
450105,江南区,45,广西壮族自治区,华南地区
450107,西乡塘区,45,广西壮族自治区,华南地区
450108,良庆区,45,广西壮族自治区,华南地区
450109,邕宁区,45,广西壮族自治区,华南地区
450122,武鸣县,45,广西壮族自治区,华南地区
450123,隆安县,45,广西壮族自治区,华南地区
450124,马山县,45,广西壮族自治区,华南地区
450125,上林县,45,广西壮族自治区,华南地区
450126,宾阳县,45,广西壮族自治区,华南地区
450127,横县,45,广西壮族自治区,华南地区
450200,柳州市,45,广西壮族自治区,华南地区
450201,市辖区,45,广西壮族自治区,华南地区
450202,城中区,45,广西壮族自治区,华南地区
450203,鱼峰区,45,广西壮族自治区,华南地区
450204,柳南区,45,广西壮族自治区,华南地区
450205,柳北区,45,广西壮族自治区,华南地区
450221,柳江县,45,广西壮族自治区,华南地区
450222,柳城县,45,广西壮族自治区,华南地区
450223,鹿寨县,45,广西壮族自治区,华南地区
450224,融安县,45,广西壮族自治区,华南地区
450225,融水苗族自治县,45,广西壮族自治区,华南地区
450226,三江侗族自治县,45,广西壮族自治区,华南地区
450300,桂林市,45,广西壮族自治区,华南地区
450301,市辖区,45,广西壮族自治区,华南地区
450302,秀峰区,45,广西壮族自治区,华南地区
450303,叠彩区,45,广西壮族自治区,华南地区
450304,象山区,45,广西壮族自治区,华南地区
450305,七星区,45,广西壮族自治区,华南地区
450311,雁山区,45,广西壮族自治区,华南地区
450321,阳朔县,45,广西壮族自治区,华南地区
450322,临桂县,45,广西壮族自治区,华南地区
450323,灵川县,45,广西壮族自治区,华南地区
450324,全州县,45,广西壮族自治区,华南地区
450325,兴安县,45,广西壮族自治区,华南地区
450326,永福县,45,广西壮族自治区,华南地区
450327,灌阳县,45,广西壮族自治区,华南地区
450328,龙胜各族自治县,45,广西壮族自治区,华南地区
450329,资源县,45,广西壮族自治区,华南地区
450330,平乐县,45,广西壮族自治区,华南地区
450331,荔浦县,45,广西壮族自治区,华南地区
450332,恭城瑶族自治县,45,广西壮族自治区,华南地区
450400,梧州市,45,广西壮族自治区,华南地区
450401,市辖区,45,广西壮族自治区,华南地区
450403,万秀区,45,广西壮族自治区,华南地区
450404,蝶山区,45,广西壮族自治区,华南地区
450405,长洲区,45,广西壮族自治区,华南地区
450421,苍梧县,45,广西壮族自治区,华南地区
450422,藤县,45,广西壮族自治区,华南地区
450423,蒙山县,45,广西壮族自治区,华南地区
450481,岑溪市,45,广西壮族自治区,华南地区
450500,北海市,45,广西壮族自治区,华南地区
450501,市辖区,45,广西壮族自治区,华南地区
450502,海城区,45,广西壮族自治区,华南地区
450503,银海区,45,广西壮族自治区,华南地区
450512,铁山港区,45,广西壮族自治区,华南地区
450521,合浦县,45,广西壮族自治区,华南地区
450600,防城港市,45,广西壮族自治区,华南地区
450601,市辖区,45,广西壮族自治区,华南地区
450602,港口区,45,广西壮族自治区,华南地区
450603,防城区,45,广西壮族自治区,华南地区
450621,上思县,45,广西壮族自治区,华南地区
450681,东兴市,45,广西壮族自治区,华南地区
450700,钦州市,45,广西壮族自治区,华南地区
450701,市辖区,45,广西壮族自治区,华南地区
450702,钦南区,45,广西壮族自治区,华南地区
450703,钦北区,45,广西壮族自治区,华南地区
450721,灵山县,45,广西壮族自治区,华南地区
450722,浦北县,45,广西壮族自治区,华南地区
450800,贵港市,45,广西壮族自治区,华南地区
450801,市辖区,45,广西壮族自治区,华南地区
450802,港北区,45,广西壮族自治区,华南地区
450803,港南区,45,广西壮族自治区,华南地区
450804,覃塘区,45,广西壮族自治区,华南地区
450821,平南县,45,广西壮族自治区,华南地区
450881,桂平市,45,广西壮族自治区,华南地区
450900,玉林市,45,广西壮族自治区,华南地区
450901,市辖区,45,广西壮族自治区,华南地区
450902,玉州区,45,广西壮族自治区,华南地区
450921,容县,45,广西壮族自治区,华南地区
450922,陆川县,45,广西壮族自治区,华南地区
450923,博白县,45,广西壮族自治区,华南地区
450924,兴业县,45,广西壮族自治区,华南地区
450981,北流市,45,广西壮族自治区,华南地区
451000,百色市,45,广西壮族自治区,华南地区
451001,市辖区,45,广西壮族自治区,华南地区
451002,右江区,45,广西壮族自治区,华南地区
451021,田阳县,45,广西壮族自治区,华南地区
451022,田东县,45,广西壮族自治区,华南地区
451023,平果县,45,广西壮族自治区,华南地区
451024,德保县,45,广西壮族自治区,华南地区
451025,靖西县,45,广西壮族自治区,华南地区
451026,那坡县,45,广西壮族自治区,华南地区
451027,凌云县,45,广西壮族自治区,华南地区
451028,乐业县,45,广西壮族自治区,华南地区
451029,田林县,45,广西壮族自治区,华南地区
451030,西林县,45,广西壮族自治区,华南地区
451031,隆林各族自治县,45,广西壮族自治区,华南地区
451100,贺州市,45,广西壮族自治区,华南地区
451101,市辖区,45,广西壮族自治区,华南地区
451102,八步区,45,广西壮族自治区,华南地区
451121,昭平县,45,广西壮族自治区,华南地区
451122,钟山县,45,广西壮族自治区,华南地区
451123,富川瑶族自治县,45,广西壮族自治区,华南地区
451200,河池市,45,广西壮族自治区,华南地区
451201,市辖区,45,广西壮族自治区,华南地区
451202,金城江区,45,广西壮族自治区,华南地区
451221,南丹县,45,广西壮族自治区,华南地区
451222,天峨县,45,广西壮族自治区,华南地区
451223,凤山县,45,广西壮族自治区,华南地区
451224,东兰县,45,广西壮族自治区,华南地区
451225,罗城仫佬族自治县,45,广西壮族自治区,华南地区
451226,环江毛南族自治县,45,广西壮族自治区,华南地区
451227,巴马瑶族自治县,45,广西壮族自治区,华南地区
451228,都安瑶族自治县,45,广西壮族自治区,华南地区
451229,大化瑶族自治县,45,广西壮族自治区,华南地区
451281,宜州市,45,广西壮族自治区,华南地区
451300,来宾市,45,广西壮族自治区,华南地区
451301,市辖区,45,广西壮族自治区,华南地区
451302,兴宾区,45,广西壮族自治区,华南地区
451321,忻城县,45,广西壮族自治区,华南地区
451322,象州县,45,广西壮族自治区,华南地区
451323,武宣县,45,广西壮族自治区,华南地区
451324,金秀瑶族自治县,45,广西壮族自治区,华南地区
451381,合山市,45,广西壮族自治区,华南地区
451400,崇左市,45,广西壮族自治区,华南地区
451401,市辖区,45,广西壮族自治区,华南地区
451402,江洲区,45,广西壮族自治区,华南地区
451421,扶绥县,45,广西壮族自治区,华南地区
451422,宁明县,45,广西壮族自治区,华南地区
451423,龙州县,45,广西壮族自治区,华南地区
451424,大新县,45,广西壮族自治区,华南地区
451425,天等县,45,广西壮族自治区,华南地区
451481,凭祥市,45,广西壮族自治区,华南地区
460000,海南省,46,海南省,华南地区
460100,海口市,46,海南省,华南地区
460101,市辖区,46,海南省,华南地区
460105,秀英区,46,海南省,华南地区
460106,龙华区,46,海南省,华南地区
460107,琼山区,46,海南省,华南地区
460108,美兰区,46,海南省,华南地区
460200,三亚市,46,海南省,华南地区
460201,市辖区,46,海南省,华南地区
460300,三沙市,46,海南省,华南地区
460321,西沙群岛,46,海南省,华南地区
460322,南沙群岛,46,海南省,华南地区
460323,中沙群岛的岛礁及其海域,46,海南省,华南地区
469000,省直辖县级行政区划,46,海南省,华南地区
469001,五指山市,46,海南省,华南地区
469002,琼海市,46,海南省,华南地区
469003,儋州市,46,海南省,华南地区
469005,文昌市,46,海南省,华南地区
469006,万宁市,46,海南省,华南地区
469007,东方市,46,海南省,华南地区
469021,定安县,46,海南省,华南地区
469022,屯昌县,46,海南省,华南地区
469023,澄迈县,46,海南省,华南地区
469024,临高县,46,海南省,华南地区
469025,白沙黎族自治县,46,海南省,华南地区
469026,昌江黎族自治县,46,海南省,华南地区
469027,乐东黎族自治县,46,海南省,华南地区
469028,陵水黎族自治县,46,海南省,华南地区
469029,保亭黎族苗族自治县,46,海南省,华南地区
469030,琼中黎族苗族自治县,46,海南省,华南地区
500000,重庆市,50,重庆市,西南地区
500100,市辖区,50,重庆市,西南地区
500101,万州区,50,重庆市,西南地区
500102,涪陵区,50,重庆市,西南地区
500103,渝中区,50,重庆市,西南地区
500104,大渡口区,50,重庆市,西南地区
500105,江北区,50,重庆市,西南地区
500106,沙坪坝区,50,重庆市,西南地区
500107,九龙坡区,50,重庆市,西南地区
500108,南岸区,50,重庆市,西南地区
500109,北碚区,50,重庆市,西南地区
500110,綦江区,50,重庆市,西南地区
500111,大足区,50,重庆市,西南地区
500112,渝北区,50,重庆市,西南地区
500113,巴南区,50,重庆市,西南地区
500114,黔江区,50,重庆市,西南地区
500115,长寿区,50,重庆市,西南地区
500116,江津区,50,重庆市,西南地区
500117,合川区,50,重庆市,西南地区
500118,永川区,50,重庆市,西南地区
500119,南川区,50,重庆市,西南地区
500200,县,50,重庆市,西南地区
500223,潼南县,50,重庆市,西南地区
500224,铜梁县,50,重庆市,西南地区
500226,荣昌县,50,重庆市,西南地区
500227,璧山县,50,重庆市,西南地区
500228,梁平县,50,重庆市,西南地区
500229,城口县,50,重庆市,西南地区
500230,丰都县,50,重庆市,西南地区
500231,垫江县,50,重庆市,西南地区
500232,武隆县,50,重庆市,西南地区
500233,忠县,50,重庆市,西南地区
500234,开县,50,重庆市,西南地区
500235,云阳县,50,重庆市,西南地区
500236,奉节县,50,重庆市,西南地区
500237,巫山县,50,重庆市,西南地区
500238,巫溪县,50,重庆市,西南地区
500240,石柱土家族自治县,50,重庆市,西南地区
500241,秀山土家族苗族自治县,50,重庆市,西南地区
500242,酉阳土家族苗族自治县,50,重庆市,西南地区
500243,彭水苗族土家族自治县,50,重庆市,西南地区
510000,四川省,51,四川省,西南地区
510100,成都市,51,四川省,西南地区
510101,市辖区,51,四川省,西南地区
510104,锦江区,51,四川省,西南地区
510105,青羊区,51,四川省,西南地区
510106,金牛区,51,四川省,西南地区
510107,武侯区,51,四川省,西南地区
510108,成华区,51,四川省,西南地区
510112,龙泉驿区,51,四川省,西南地区
510113,青白江区,51,四川省,西南地区
510114,新都区,51,四川省,西南地区
510115,温江区,51,四川省,西南地区
510121,金堂县,51,四川省,西南地区
510122,双流县,51,四川省,西南地区
510124,郫县,51,四川省,西南地区
510129,大邑县,51,四川省,西南地区
510131,蒲江县,51,四川省,西南地区
510132,新津县,51,四川省,西南地区
510181,都江堰市,51,四川省,西南地区
510182,彭州市,51,四川省,西南地区
510183,邛崃市,51,四川省,西南地区
510184,崇州市,51,四川省,西南地区
510300,自贡市,51,四川省,西南地区
510301,市辖区,51,四川省,西南地区
510302,自流井区,51,四川省,西南地区
510303,贡井区,51,四川省,西南地区
510304,大安区,51,四川省,西南地区
510311,沿滩区,51,四川省,西南地区
510321,荣县,51,四川省,西南地区
510322,富顺县,51,四川省,西南地区
510400,攀枝花市,51,四川省,西南地区
510401,市辖区,51,四川省,西南地区
510402,东区,51,四川省,西南地区
510403,西区,51,四川省,西南地区
510411,仁和区,51,四川省,西南地区
510421,米易县,51,四川省,西南地区
510422,盐边县,51,四川省,西南地区
510500,泸州市,51,四川省,西南地区
510501,市辖区,51,四川省,西南地区
510502,江阳区,51,四川省,西南地区
510503,纳溪区,51,四川省,西南地区
510504,龙马潭区,51,四川省,西南地区
510521,泸县,51,四川省,西南地区
510522,合江县,51,四川省,西南地区
510524,叙永县,51,四川省,西南地区
510525,古蔺县,51,四川省,西南地区
510600,德阳市,51,四川省,西南地区
510601,市辖区,51,四川省,西南地区
510603,旌阳区,51,四川省,西南地区
510623,中江县,51,四川省,西南地区
510626,罗江县,51,四川省,西南地区
510681,广汉市,51,四川省,西南地区
510682,什邡市,51,四川省,西南地区
510683,绵竹市,51,四川省,西南地区
510700,绵阳市,51,四川省,西南地区
510701,市辖区,51,四川省,西南地区
510703,涪城区,51,四川省,西南地区
510704,游仙区,51,四川省,西南地区
510722,三台县,51,四川省,西南地区
510723,盐亭县,51,四川省,西南地区
510724,安县,51,四川省,西南地区
510725,梓潼县,51,四川省,西南地区
510726,北川羌族自治县,51,四川省,西南地区
510727,平武县,51,四川省,西南地区
510781,江油市,51,四川省,西南地区
510800,广元市,51,四川省,西南地区
510801,市辖区,51,四川省,西南地区
510802,利州区,51,四川省,西南地区
510811,元坝区,51,四川省,西南地区
510812,朝天区,51,四川省,西南地区
510821,旺苍县,51,四川省,西南地区
510822,青川县,51,四川省,西南地区
510823,剑阁县,51,四川省,西南地区
510824,苍溪县,51,四川省,西南地区
510900,遂宁市,51,四川省,西南地区
510901,市辖区,51,四川省,西南地区
510903,船山区,51,四川省,西南地区
510904,安居区,51,四川省,西南地区
510921,蓬溪县,51,四川省,西南地区
510922,射洪县,51,四川省,西南地区
510923,大英县,51,四川省,西南地区
511000,内江市,51,四川省,西南地区
511001,市辖区,51,四川省,西南地区
511002,市中区,51,四川省,西南地区
511011,东兴区,51,四川省,西南地区
511024,威远县,51,四川省,西南地区
511025,资中县,51,四川省,西南地区
511028,隆昌县,51,四川省,西南地区
511100,乐山市,51,四川省,西南地区
511101,市辖区,51,四川省,西南地区
511102,市中区,51,四川省,西南地区
511111,沙湾区,51,四川省,西南地区
511112,五通桥区,51,四川省,西南地区
511113,金口河区,51,四川省,西南地区
511123,犍为县,51,四川省,西南地区
511124,井研县,51,四川省,西南地区
511126,夹江县,51,四川省,西南地区
511129,沐川县,51,四川省,西南地区
511132,峨边彝族自治县,51,四川省,西南地区
511133,马边彝族自治县,51,四川省,西南地区
511181,峨眉山市,51,四川省,西南地区
511300,南充市,51,四川省,西南地区
511301,市辖区,51,四川省,西南地区
511302,顺庆区,51,四川省,西南地区
511303,高坪区,51,四川省,西南地区
511304,嘉陵区,51,四川省,西南地区
511321,南部县,51,四川省,西南地区
511322,营山县,51,四川省,西南地区
511323,蓬安县,51,四川省,西南地区
511324,仪陇县,51,四川省,西南地区
511325,西充县,51,四川省,西南地区
511381,阆中市,51,四川省,西南地区
511400,眉山市,51,四川省,西南地区
511401,市辖区,51,四川省,西南地区
511402,东坡区,51,四川省,西南地区
511421,仁寿县,51,四川省,西南地区
511422,彭山县,51,四川省,西南地区
511423,洪雅县,51,四川省,西南地区
511424,丹棱县,51,四川省,西南地区
511425,青神县,51,四川省,西南地区
511500,宜宾市,51,四川省,西南地区
511501,市辖区,51,四川省,西南地区
511502,翠屏区,51,四川省,西南地区
511503,南溪区,51,四川省,西南地区
511521,宜宾县,51,四川省,西南地区
511523,江安县,51,四川省,西南地区
511524,长宁县,51,四川省,西南地区
511525,高县,51,四川省,西南地区
511526,珙县,51,四川省,西南地区
511527,筠连县,51,四川省,西南地区
511528,兴文县,51,四川省,西南地区
511529,屏山县,51,四川省,西南地区
511600,广安市,51,四川省,西南地区
511601,市辖区,51,四川省,西南地区
511602,广安区,51,四川省,西南地区
511621,岳池县,51,四川省,西南地区
511622,武胜县,51,四川省,西南地区
511623,邻水县,51,四川省,西南地区
511681,华蓥市,51,四川省,西南地区
511700,达州市,51,四川省,西南地区
511701,市辖区,51,四川省,西南地区
511702,通川区,51,四川省,西南地区
511721,达县,51,四川省,西南地区
511722,宣汉县,51,四川省,西南地区
511723,开江县,51,四川省,西南地区
511724,大竹县,51,四川省,西南地区
511725,渠县,51,四川省,西南地区
511781,万源市,51,四川省,西南地区
511800,雅安市,51,四川省,西南地区
511801,市辖区,51,四川省,西南地区
511802,雨城区,51,四川省,西南地区
511803,名山区,51,四川省,西南地区
511822,荥经县,51,四川省,西南地区
511823,汉源县,51,四川省,西南地区
511824,石棉县,51,四川省,西南地区
511825,天全县,51,四川省,西南地区
511826,芦山县,51,四川省,西南地区
511827,宝兴县,51,四川省,西南地区
511900,巴中市,51,四川省,西南地区
511901,市辖区,51,四川省,西南地区
511902,巴州区,51,四川省,西南地区
511921,通江县,51,四川省,西南地区
511922,南江县,51,四川省,西南地区
511923,平昌县,51,四川省,西南地区
512000,资阳市,51,四川省,西南地区
512001,市辖区,51,四川省,西南地区
512002,雁江区,51,四川省,西南地区
512021,安岳县,51,四川省,西南地区
512022,乐至县,51,四川省,西南地区
512081,简阳市,51,四川省,西南地区
513200,阿坝藏族羌族自治州,51,四川省,西南地区
513221,汶川县,51,四川省,西南地区
513222,理县,51,四川省,西南地区
513223,茂县,51,四川省,西南地区
513224,松潘县,51,四川省,西南地区
513225,九寨沟县,51,四川省,西南地区
513226,金川县,51,四川省,西南地区
513227,小金县,51,四川省,西南地区
513228,黑水县,51,四川省,西南地区
513229,马尔康县,51,四川省,西南地区
513230,壤塘县,51,四川省,西南地区
513231,阿坝县,51,四川省,西南地区
513232,若尔盖县,51,四川省,西南地区
513233,红原县,51,四川省,西南地区
513300,甘孜藏族自治州,51,四川省,西南地区
513321,康定县,51,四川省,西南地区
513322,泸定县,51,四川省,西南地区
513323,丹巴县,51,四川省,西南地区
513324,九龙县,51,四川省,西南地区
513325,雅江县,51,四川省,西南地区
513326,道孚县,51,四川省,西南地区
513327,炉霍县,51,四川省,西南地区
513328,甘孜县,51,四川省,西南地区
513329,新龙县,51,四川省,西南地区
513330,德格县,51,四川省,西南地区
513331,白玉县,51,四川省,西南地区
513332,石渠县,51,四川省,西南地区
513333,色达县,51,四川省,西南地区
513334,理塘县,51,四川省,西南地区
513335,巴塘县,51,四川省,西南地区
513336,乡城县,51,四川省,西南地区
513337,稻城县,51,四川省,西南地区
513338,得荣县,51,四川省,西南地区
513400,凉山彝族自治州,51,四川省,西南地区
513401,西昌市,51,四川省,西南地区
513422,木里藏族自治县,51,四川省,西南地区
513423,盐源县,51,四川省,西南地区
513424,德昌县,51,四川省,西南地区
513425,会理县,51,四川省,西南地区
513426,会东县,51,四川省,西南地区
513427,宁南县,51,四川省,西南地区
513428,普格县,51,四川省,西南地区
513429,布拖县,51,四川省,西南地区
513430,金阳县,51,四川省,西南地区
513431,昭觉县,51,四川省,西南地区
513432,喜德县,51,四川省,西南地区
513433,冕宁县,51,四川省,西南地区
513434,越西县,51,四川省,西南地区
513435,甘洛县,51,四川省,西南地区
513436,美姑县,51,四川省,西南地区
513437,雷波县,51,四川省,西南地区
520000,贵州省,52,贵州省,西南地区
520100,贵阳市,52,贵州省,西南地区
520101,市辖区,52,贵州省,西南地区
520102,南明区,52,贵州省,西南地区
520103,云岩区,52,贵州省,西南地区
520111,花溪区,52,贵州省,西南地区
520112,乌当区,52,贵州省,西南地区
520113,白云区,52,贵州省,西南地区
520114,小河区,52,贵州省,西南地区
520121,开阳县,52,贵州省,西南地区
520122,息烽县,52,贵州省,西南地区
520123,修文县,52,贵州省,西南地区
520181,清镇市,52,贵州省,西南地区
520200,六盘水市,52,贵州省,西南地区
520201,钟山区,52,贵州省,西南地区
520203,六枝特区,52,贵州省,西南地区
520221,水城县,52,贵州省,西南地区
520222,盘县,52,贵州省,西南地区
520300,遵义市,52,贵州省,西南地区
520301,市辖区,52,贵州省,西南地区
520302,红花岗区,52,贵州省,西南地区
520303,汇川区,52,贵州省,西南地区
520321,遵义县,52,贵州省,西南地区
520322,桐梓县,52,贵州省,西南地区
520323,绥阳县,52,贵州省,西南地区
520324,正安县,52,贵州省,西南地区
520325,道真仡佬族苗族自治县,52,贵州省,西南地区
520326,务川仡佬族苗族自治县,52,贵州省,西南地区
520327,凤冈县,52,贵州省,西南地区
520328,湄潭县,52,贵州省,西南地区
520329,余庆县,52,贵州省,西南地区
520330,习水县,52,贵州省,西南地区
520381,赤水市,52,贵州省,西南地区
520382,仁怀市,52,贵州省,西南地区
520400,安顺市,52,贵州省,西南地区
520401,市辖区,52,贵州省,西南地区
520402,西秀区,52,贵州省,西南地区
520421,平坝县,52,贵州省,西南地区
520422,普定县,52,贵州省,西南地区
520423,镇宁布依族苗族自治县,52,贵州省,西南地区
520424,关岭布依族苗族自治县,52,贵州省,西南地区
520425,紫云苗族布依族自治县,52,贵州省,西南地区
520500,毕节市,52,贵州省,西南地区
520502,七星关区,52,贵州省,西南地区
520521,大方县,52,贵州省,西南地区
520522,黔西县,52,贵州省,西南地区
520523,金沙县,52,贵州省,西南地区
520524,织金县,52,贵州省,西南地区
520525,纳雍县,52,贵州省,西南地区
520526,威宁彝族回族苗族自治县,52,贵州省,西南地区
520527,赫章县,52,贵州省,西南地区
520600,铜仁市,52,贵州省,西南地区
520602,碧江区,52,贵州省,西南地区
520603,万山区,52,贵州省,西南地区
520621,江口县,52,贵州省,西南地区
520622,玉屏侗族自治县,52,贵州省,西南地区
520623,石阡县,52,贵州省,西南地区
520624,思南县,52,贵州省,西南地区
520625,印江土家族苗族自治县,52,贵州省,西南地区
520626,德江县,52,贵州省,西南地区
520627,沿河土家族自治县,52,贵州省,西南地区
520628,松桃苗族自治县,52,贵州省,西南地区
522300,黔西南布依族苗族自治州,52,贵州省,西南地区
522301,兴义市,52,贵州省,西南地区
522322,兴仁县,52,贵州省,西南地区
522323,普安县,52,贵州省,西南地区
522324,晴隆县,52,贵州省,西南地区
522325,贞丰县,52,贵州省,西南地区
522326,望谟县,52,贵州省,西南地区
522327,册亨县,52,贵州省,西南地区
522328,安龙县,52,贵州省,西南地区
522600,黔东南苗族侗族自治州,52,贵州省,西南地区
522601,凯里市,52,贵州省,西南地区
522622,黄平县,52,贵州省,西南地区
522623,施秉县,52,贵州省,西南地区
522624,三穗县,52,贵州省,西南地区
522625,镇远县,52,贵州省,西南地区
522626,岑巩县,52,贵州省,西南地区
522627,天柱县,52,贵州省,西南地区
522628,锦屏县,52,贵州省,西南地区
522629,剑河县,52,贵州省,西南地区
522630,台江县,52,贵州省,西南地区
522631,黎平县,52,贵州省,西南地区
522632,榕江县,52,贵州省,西南地区
522633,从江县,52,贵州省,西南地区
522634,雷山县,52,贵州省,西南地区
522635,麻江县,52,贵州省,西南地区
522636,丹寨县,52,贵州省,西南地区
522700,黔南布依族苗族自治州,52,贵州省,西南地区
522701,都匀市,52,贵州省,西南地区
522702,福泉市,52,贵州省,西南地区
522722,荔波县,52,贵州省,西南地区
522723,贵定县,52,贵州省,西南地区
522725,瓮安县,52,贵州省,西南地区
522726,独山县,52,贵州省,西南地区
522727,平塘县,52,贵州省,西南地区
522728,罗甸县,52,贵州省,西南地区
522729,长顺县,52,贵州省,西南地区
522730,龙里县,52,贵州省,西南地区
522731,惠水县,52,贵州省,西南地区
522732,三都水族自治县,52,贵州省,西南地区
530000,云南省,53,云南省,西南地区
530100,昆明市,53,云南省,西南地区
530101,市辖区,53,云南省,西南地区
530102,五华区,53,云南省,西南地区
530103,盘龙区,53,云南省,西南地区
530111,官渡区,53,云南省,西南地区
530112,西山区,53,云南省,西南地区
530113,东川区,53,云南省,西南地区
530114,呈贡区,53,云南省,西南地区
530122,晋宁县,53,云南省,西南地区
530124,富民县,53,云南省,西南地区
530125,宜良县,53,云南省,西南地区
530126,石林彝族自治县,53,云南省,西南地区
530127,嵩明县,53,云南省,西南地区
530128,禄劝彝族苗族自治县,53,云南省,西南地区
530129,寻甸回族彝族自治县,53,云南省,西南地区
530181,安宁市,53,云南省,西南地区
530300,曲靖市,53,云南省,西南地区
530301,市辖区,53,云南省,西南地区
530302,麒麟区,53,云南省,西南地区
530321,马龙县,53,云南省,西南地区
530322,陆良县,53,云南省,西南地区
530323,师宗县,53,云南省,西南地区
530324,罗平县,53,云南省,西南地区
530325,富源县,53,云南省,西南地区
530326,会泽县,53,云南省,西南地区
530328,沾益县,53,云南省,西南地区
530381,宣威市,53,云南省,西南地区
530400,玉溪市,53,云南省,西南地区
530402,红塔区,53,云南省,西南地区
530421,江川县,53,云南省,西南地区
530422,澄江县,53,云南省,西南地区
530423,通海县,53,云南省,西南地区
530424,华宁县,53,云南省,西南地区
530425,易门县,53,云南省,西南地区
530426,峨山彝族自治县,53,云南省,西南地区
530427,新平彝族傣族自治县,53,云南省,西南地区
530428,元江哈尼族彝族傣族自治县,53,云南省,西南地区
530500,保山市,53,云南省,西南地区
530501,市辖区,53,云南省,西南地区
530502,隆阳区,53,云南省,西南地区
530521,施甸县,53,云南省,西南地区
530522,腾冲县,53,云南省,西南地区
530523,龙陵县,53,云南省,西南地区
530524,昌宁县,53,云南省,西南地区
530600,昭通市,53,云南省,西南地区
530601,市辖区,53,云南省,西南地区
530602,昭阳区,53,云南省,西南地区
530621,鲁甸县,53,云南省,西南地区
530622,巧家县,53,云南省,西南地区
530623,盐津县,53,云南省,西南地区
530624,大关县,53,云南省,西南地区
530625,永善县,53,云南省,西南地区
530626,绥江县,53,云南省,西南地区
530627,镇雄县,53,云南省,西南地区
530628,彝良县,53,云南省,西南地区
530629,威信县,53,云南省,西南地区
530630,水富县,53,云南省,西南地区
530700,丽江市,53,云南省,西南地区
530701,市辖区,53,云南省,西南地区
530702,古城区,53,云南省,西南地区
530721,玉龙纳西族自治县,53,云南省,西南地区
530722,永胜县,53,云南省,西南地区
530723,华坪县,53,云南省,西南地区
530724,宁蒗彝族自治县,53,云南省,西南地区
530800,普洱市,53,云南省,西南地区
530801,市辖区,53,云南省,西南地区
530802,思茅区,53,云南省,西南地区
530821,宁洱哈尼族彝族自治县,53,云南省,西南地区
530822,墨江哈尼族自治县,53,云南省,西南地区
530823,景东彝族自治县,53,云南省,西南地区
530824,景谷傣族彝族自治县,53,云南省,西南地区
530825,镇沅彝族哈尼族拉祜族自治县,53,云南省,西南地区
530826,江城哈尼族彝族自治县,53,云南省,西南地区
530827,孟连傣族拉祜族佤族自治县,53,云南省,西南地区
530828,澜沧拉祜族自治县,53,云南省,西南地区
530829,西盟佤族自治县,53,云南省,西南地区
530900,临沧市,53,云南省,西南地区
530901,市辖区,53,云南省,西南地区
530902,临翔区,53,云南省,西南地区
530921,凤庆县,53,云南省,西南地区
530922,云县,53,云南省,西南地区
530923,永德县,53,云南省,西南地区
530924,镇康县,53,云南省,西南地区
530925,双江拉祜族佤族布朗族傣族自治县,53,云南省,西南地区
530926,耿马傣族佤族自治县,53,云南省,西南地区
530927,沧源佤族自治县,53,云南省,西南地区
532300,楚雄彝族自治州,53,云南省,西南地区
532301,楚雄市,53,云南省,西南地区
532322,双柏县,53,云南省,西南地区
532323,牟定县,53,云南省,西南地区
532324,南华县,53,云南省,西南地区
532325,姚安县,53,云南省,西南地区
532326,大姚县,53,云南省,西南地区
532327,永仁县,53,云南省,西南地区
532328,元谋县,53,云南省,西南地区
532329,武定县,53,云南省,西南地区
532331,禄丰县,53,云南省,西南地区
532500,红河哈尼族彝族自治州,53,云南省,西南地区
532501,个旧市,53,云南省,西南地区
532502,开远市,53,云南省,西南地区
532503,蒙自市,53,云南省,西南地区
532523,屏边苗族自治县,53,云南省,西南地区
532524,建水县,53,云南省,西南地区
532525,石屏县,53,云南省,西南地区
532526,弥勒县,53,云南省,西南地区
532527,泸西县,53,云南省,西南地区
532528,元阳县,53,云南省,西南地区
532529,红河县,53,云南省,西南地区
532530,金平苗族瑶族傣族自治县,53,云南省,西南地区
532531,绿春县,53,云南省,西南地区
532532,河口瑶族自治县,53,云南省,西南地区
532600,文山壮族苗族自治州,53,云南省,西南地区
532601,文山市,53,云南省,西南地区
532622,砚山县,53,云南省,西南地区
532623,西畴县,53,云南省,西南地区
532624,麻栗坡县,53,云南省,西南地区
532625,马关县,53,云南省,西南地区
532626,丘北县,53,云南省,西南地区
532627,广南县,53,云南省,西南地区
532628,富宁县,53,云南省,西南地区
532800,西双版纳傣族自治州,53,云南省,西南地区
532801,景洪市,53,云南省,西南地区
532822,勐海县,53,云南省,西南地区
532823,勐腊县,53,云南省,西南地区
532900,大理白族自治州,53,云南省,西南地区
532901,大理市,53,云南省,西南地区
532922,漾濞彝族自治县,53,云南省,西南地区
532923,祥云县,53,云南省,西南地区
532924,宾川县,53,云南省,西南地区
532925,弥渡县,53,云南省,西南地区
532926,南涧彝族自治县,53,云南省,西南地区
532927,巍山彝族回族自治县,53,云南省,西南地区
532928,永平县,53,云南省,西南地区
532929,云龙县,53,云南省,西南地区
532930,洱源县,53,云南省,西南地区
532931,剑川县,53,云南省,西南地区
532932,鹤庆县,53,云南省,西南地区
533100,德宏傣族景颇族自治州,53,云南省,西南地区
533102,瑞丽市,53,云南省,西南地区
533103,芒市,53,云南省,西南地区
533122,梁河县,53,云南省,西南地区
533123,盈江县,53,云南省,西南地区
533124,陇川县,53,云南省,西南地区
533300,怒江傈僳族自治州,53,云南省,西南地区
533321,泸水县,53,云南省,西南地区
533323,福贡县,53,云南省,西南地区
533324,贡山独龙族怒族自治县,53,云南省,西南地区
533325,兰坪白族普米族自治县,53,云南省,西南地区
533400,迪庆藏族自治州,53,云南省,西南地区
533421,香格里拉县,53,云南省,西南地区
533422,德钦县,53,云南省,西南地区
533423,维西傈僳族自治县,53,云南省,西南地区
540000,西藏自治区,54,西藏自治区,西南地区
540100,拉萨市,54,西藏自治区,西南地区
540101,市辖区,54,西藏自治区,西南地区
540102,城关区,54,西藏自治区,西南地区
540121,林周县,54,西藏自治区,西南地区
540122,当雄县,54,西藏自治区,西南地区
540123,尼木县,54,西藏自治区,西南地区
540124,曲水县,54,西藏自治区,西南地区
540125,堆龙德庆县,54,西藏自治区,西南地区
540126,达孜县,54,西藏自治区,西南地区
540127,墨竹工卡县,54,西藏自治区,西南地区
542100,昌都地区,54,西藏自治区,西南地区
542121,昌都县,54,西藏自治区,西南地区
542122,江达县,54,西藏自治区,西南地区
542123,贡觉县,54,西藏自治区,西南地区
542124,类乌齐县,54,西藏自治区,西南地区
542125,丁青县,54,西藏自治区,西南地区
542126,察雅县,54,西藏自治区,西南地区
542127,八宿县,54,西藏自治区,西南地区
542128,左贡县,54,西藏自治区,西南地区
542129,芒康县,54,西藏自治区,西南地区
542132,洛隆县,54,西藏自治区,西南地区
542133,边坝县,54,西藏自治区,西南地区
542200,山南地区,54,西藏自治区,西南地区
542221,乃东县,54,西藏自治区,西南地区
542222,扎囊县,54,西藏自治区,西南地区
542223,贡嘎县,54,西藏自治区,西南地区
542224,桑日县,54,西藏自治区,西南地区
542225,琼结县,54,西藏自治区,西南地区
542226,曲松县,54,西藏自治区,西南地区
542227,措美县,54,西藏自治区,西南地区
542228,洛扎县,54,西藏自治区,西南地区
542229,加查县,54,西藏自治区,西南地区
542231,隆子县,54,西藏自治区,西南地区
542232,错那县,54,西藏自治区,西南地区
542233,浪卡子县,54,西藏自治区,西南地区
542300,日喀则地区,54,西藏自治区,西南地区
542301,日喀则市,54,西藏自治区,西南地区
542322,南木林县,54,西藏自治区,西南地区
542323,江孜县,54,西藏自治区,西南地区
542324,定日县,54,西藏自治区,西南地区
542325,萨迦县,54,西藏自治区,西南地区
542326,拉孜县,54,西藏自治区,西南地区
542327,昂仁县,54,西藏自治区,西南地区
542328,谢通门县,54,西藏自治区,西南地区
542329,白朗县,54,西藏自治区,西南地区
542330,仁布县,54,西藏自治区,西南地区
542331,康马县,54,西藏自治区,西南地区
542332,定结县,54,西藏自治区,西南地区
542333,仲巴县,54,西藏自治区,西南地区
542334,亚东县,54,西藏自治区,西南地区
542335,吉隆县,54,西藏自治区,西南地区
542336,聂拉木县,54,西藏自治区,西南地区
542337,萨嘎县,54,西藏自治区,西南地区
542338,岗巴县,54,西藏自治区,西南地区
542400,那曲地区,54,西藏自治区,西南地区
542421,那曲县,54,西藏自治区,西南地区
542422,嘉黎县,54,西藏自治区,西南地区
542423,比如县,54,西藏自治区,西南地区
542424,聂荣县,54,西藏自治区,西南地区
542425,安多县,54,西藏自治区,西南地区
542426,申扎县,54,西藏自治区,西南地区
542427,索县,54,西藏自治区,西南地区
542428,班戈县,54,西藏自治区,西南地区
542429,巴青县,54,西藏自治区,西南地区
542430,尼玛县,54,西藏自治区,西南地区
542500,阿里地区,54,西藏自治区,西南地区
542521,普兰县,54,西藏自治区,西南地区
542522,札达县,54,西藏自治区,西南地区
542523,噶尔县,54,西藏自治区,西南地区
542524,日土县,54,西藏自治区,西南地区
542525,革吉县,54,西藏自治区,西南地区
542526,改则县,54,西藏自治区,西南地区
542527,措勤县,54,西藏自治区,西南地区
542600,林芝地区,54,西藏自治区,西南地区
542621,林芝县,54,西藏自治区,西南地区
542622,工布江达县,54,西藏自治区,西南地区
542623,米林县,54,西藏自治区,西南地区
542624,墨脱县,54,西藏自治区,西南地区
542625,波密县,54,西藏自治区,西南地区
542626,察隅县,54,西藏自治区,西南地区
542627,朗县,54,西藏自治区,西南地区
610000,陕西省,61,陕西省,西北地区
610100,西安市,61,陕西省,西北地区
610101,市辖区,61,陕西省,西北地区
610102,新城区,61,陕西省,西北地区
610103,碑林区,61,陕西省,西北地区
610104,莲湖区,61,陕西省,西北地区
610111,灞桥区,61,陕西省,西北地区
610112,未央区,61,陕西省,西北地区
610113,雁塔区,61,陕西省,西北地区
610114,阎良区,61,陕西省,西北地区
610115,临潼区,61,陕西省,西北地区
610116,长安区,61,陕西省,西北地区
610122,蓝田县,61,陕西省,西北地区
610124,周至县,61,陕西省,西北地区
610125,户县,61,陕西省,西北地区
610126,高陵县,61,陕西省,西北地区
610200,铜川市,61,陕西省,西北地区
610201,市辖区,61,陕西省,西北地区
610202,王益区,61,陕西省,西北地区
610203,印台区,61,陕西省,西北地区
610204,耀州区,61,陕西省,西北地区
610222,宜君县,61,陕西省,西北地区
610300,宝鸡市,61,陕西省,西北地区
610301,市辖区,61,陕西省,西北地区
610302,渭滨区,61,陕西省,西北地区
610303,金台区,61,陕西省,西北地区
610304,陈仓区,61,陕西省,西北地区
610322,凤翔县,61,陕西省,西北地区
610323,岐山县,61,陕西省,西北地区
610324,扶风县,61,陕西省,西北地区
610326,眉县,61,陕西省,西北地区
610327,陇县,61,陕西省,西北地区
610328,千阳县,61,陕西省,西北地区
610329,麟游县,61,陕西省,西北地区
610330,凤县,61,陕西省,西北地区
610331,太白县,61,陕西省,西北地区
610400,咸阳市,61,陕西省,西北地区
610401,市辖区,61,陕西省,西北地区
610402,秦都区,61,陕西省,西北地区
610403,杨陵区,61,陕西省,西北地区
610404,渭城区,61,陕西省,西北地区
610422,三原县,61,陕西省,西北地区
610423,泾阳县,61,陕西省,西北地区
610424,乾县,61,陕西省,西北地区
610425,礼泉县,61,陕西省,西北地区
610426,永寿县,61,陕西省,西北地区
610427,彬县,61,陕西省,西北地区
610428,长武县,61,陕西省,西北地区
610429,旬邑县,61,陕西省,西北地区
610430,淳化县,61,陕西省,西北地区
610431,武功县,61,陕西省,西北地区
610481,兴平市,61,陕西省,西北地区
610500,渭南市,61,陕西省,西北地区
610501,市辖区,61,陕西省,西北地区
610502,临渭区,61,陕西省,西北地区
610521,华县,61,陕西省,西北地区
610522,潼关县,61,陕西省,西北地区
610523,大荔县,61,陕西省,西北地区
610524,合阳县,61,陕西省,西北地区
610525,澄城县,61,陕西省,西北地区
610526,蒲城县,61,陕西省,西北地区
610527,白水县,61,陕西省,西北地区
610528,富平县,61,陕西省,西北地区
610581,韩城市,61,陕西省,西北地区
610582,华阴市,61,陕西省,西北地区
610600,延安市,61,陕西省,西北地区
610601,市辖区,61,陕西省,西北地区
610602,宝塔区,61,陕西省,西北地区
610621,延长县,61,陕西省,西北地区
610622,延川县,61,陕西省,西北地区
610623,子长县,61,陕西省,西北地区
610624,安塞县,61,陕西省,西北地区
610625,志丹县,61,陕西省,西北地区
610626,吴起县,61,陕西省,西北地区
610627,甘泉县,61,陕西省,西北地区
610628,富县,61,陕西省,西北地区
610629,洛川县,61,陕西省,西北地区
610630,宜川县,61,陕西省,西北地区
610631,黄龙县,61,陕西省,西北地区
610632,黄陵县,61,陕西省,西北地区
610700,汉中市,61,陕西省,西北地区
610701,市辖区,61,陕西省,西北地区
610702,汉台区,61,陕西省,西北地区
610721,南郑县,61,陕西省,西北地区
610722,城固县,61,陕西省,西北地区
610723,洋县,61,陕西省,西北地区
610724,西乡县,61,陕西省,西北地区
610725,勉县,61,陕西省,西北地区
610726,宁强县,61,陕西省,西北地区
610727,略阳县,61,陕西省,西北地区
610728,镇巴县,61,陕西省,西北地区
610729,留坝县,61,陕西省,西北地区
610730,佛坪县,61,陕西省,西北地区
610800,榆林市,61,陕西省,西北地区
610801,市辖区,61,陕西省,西北地区
610802,榆阳区,61,陕西省,西北地区
610821,神木县,61,陕西省,西北地区
610822,府谷县,61,陕西省,西北地区
610823,横山县,61,陕西省,西北地区
610824,靖边县,61,陕西省,西北地区
610825,定边县,61,陕西省,西北地区
610826,绥德县,61,陕西省,西北地区
610827,米脂县,61,陕西省,西北地区
610828,佳县,61,陕西省,西北地区
610829,吴堡县,61,陕西省,西北地区
610830,清涧县,61,陕西省,西北地区
610831,子洲县,61,陕西省,西北地区
610900,安康市,61,陕西省,西北地区
610901,市辖区,61,陕西省,西北地区
610902,汉滨区,61,陕西省,西北地区
610921,汉阴县,61,陕西省,西北地区
610922,石泉县,61,陕西省,西北地区
610923,宁陕县,61,陕西省,西北地区
610924,紫阳县,61,陕西省,西北地区
610925,岚皋县,61,陕西省,西北地区
610926,平利县,61,陕西省,西北地区
610927,镇坪县,61,陕西省,西北地区
610928,旬阳县,61,陕西省,西北地区
610929,白河县,61,陕西省,西北地区
611000,商洛市,61,陕西省,西北地区
611001,市辖区,61,陕西省,西北地区
611002,商州区,61,陕西省,西北地区
611021,洛南县,61,陕西省,西北地区
611022,丹凤县,61,陕西省,西北地区
611023,商南县,61,陕西省,西北地区
611024,山阳县,61,陕西省,西北地区
611025,镇安县,61,陕西省,西北地区
611026,柞水县,61,陕西省,西北地区
620000,甘肃省,62,甘肃省,西北地区
620100,兰州市,62,甘肃省,西北地区
620101,市辖区,62,甘肃省,西北地区
620102,城关区,62,甘肃省,西北地区
620103,七里河区,62,甘肃省,西北地区
620104,西固区,62,甘肃省,西北地区
620105,安宁区,62,甘肃省,西北地区
620111,红古区,62,甘肃省,西北地区
620121,永登县,62,甘肃省,西北地区
620122,皋兰县,62,甘肃省,西北地区
620123,榆中县,62,甘肃省,西北地区
620200,嘉峪关市,62,甘肃省,西北地区
620201,市辖区,62,甘肃省,西北地区
620300,金昌市,62,甘肃省,西北地区
620301,市辖区,62,甘肃省,西北地区
620302,金川区,62,甘肃省,西北地区
620321,永昌县,62,甘肃省,西北地区
620400,白银市,62,甘肃省,西北地区
620401,市辖区,62,甘肃省,西北地区
620402,白银区,62,甘肃省,西北地区
620403,平川区,62,甘肃省,西北地区
620421,靖远县,62,甘肃省,西北地区
620422,会宁县,62,甘肃省,西北地区
620423,景泰县,62,甘肃省,西北地区
620500,天水市,62,甘肃省,西北地区
620501,市辖区,62,甘肃省,西北地区
620502,秦州区,62,甘肃省,西北地区
620503,麦积区,62,甘肃省,西北地区
620521,清水县,62,甘肃省,西北地区
620522,秦安县,62,甘肃省,西北地区
620523,甘谷县,62,甘肃省,西北地区
620524,武山县,62,甘肃省,西北地区
620525,张家川回族自治县,62,甘肃省,西北地区
620600,武威市,62,甘肃省,西北地区
620601,市辖区,62,甘肃省,西北地区
620602,凉州区,62,甘肃省,西北地区
620621,民勤县,62,甘肃省,西北地区
620622,古浪县,62,甘肃省,西北地区
620623,天祝藏族自治县,62,甘肃省,西北地区
620700,张掖市,62,甘肃省,西北地区
620701,市辖区,62,甘肃省,西北地区
620702,甘州区,62,甘肃省,西北地区
620721,肃南裕固族自治县,62,甘肃省,西北地区
620722,民乐县,62,甘肃省,西北地区
620723,临泽县,62,甘肃省,西北地区
620724,高台县,62,甘肃省,西北地区
620725,山丹县,62,甘肃省,西北地区
620800,平凉市,62,甘肃省,西北地区
620801,市辖区,62,甘肃省,西北地区
620802,崆峒区,62,甘肃省,西北地区
620821,泾川县,62,甘肃省,西北地区
620822,灵台县,62,甘肃省,西北地区
620823,崇信县,62,甘肃省,西北地区
620824,华亭县,62,甘肃省,西北地区
620825,庄浪县,62,甘肃省,西北地区
620826,静宁县,62,甘肃省,西北地区
620900,酒泉市,62,甘肃省,西北地区
620901,市辖区,62,甘肃省,西北地区
620902,肃州区,62,甘肃省,西北地区
620921,金塔县,62,甘肃省,西北地区
620922,瓜州县,62,甘肃省,西北地区
620923,肃北蒙古族自治县,62,甘肃省,西北地区
620924,阿克塞哈萨克族自治县,62,甘肃省,西北地区
620981,玉门市,62,甘肃省,西北地区
620982,敦煌市,62,甘肃省,西北地区
621000,庆阳市,62,甘肃省,西北地区
621001,市辖区,62,甘肃省,西北地区
621002,西峰区,62,甘肃省,西北地区
621021,庆城县,62,甘肃省,西北地区
621022,环县,62,甘肃省,西北地区
621023,华池县,62,甘肃省,西北地区
621024,合水县,62,甘肃省,西北地区
621025,正宁县,62,甘肃省,西北地区
621026,宁县,62,甘肃省,西北地区
621027,镇原县,62,甘肃省,西北地区
621100,定西市,62,甘肃省,西北地区
621101,市辖区,62,甘肃省,西北地区
621102,安定区,62,甘肃省,西北地区
621121,通渭县,62,甘肃省,西北地区
621122,陇西县,62,甘肃省,西北地区
621123,渭源县,62,甘肃省,西北地区
621124,临洮县,62,甘肃省,西北地区
621125,漳县,62,甘肃省,西北地区
621126,岷县,62,甘肃省,西北地区
621200,陇南市,62,甘肃省,西北地区
621201,市辖区,62,甘肃省,西北地区
621202,武都区,62,甘肃省,西北地区
621221,成县,62,甘肃省,西北地区
621222,文县,62,甘肃省,西北地区
621223,宕昌县,62,甘肃省,西北地区
621224,康县,62,甘肃省,西北地区
621225,西和县,62,甘肃省,西北地区
621226,礼县,62,甘肃省,西北地区
621227,徽县,62,甘肃省,西北地区
621228,两当县,62,甘肃省,西北地区
622900,临夏回族自治州,62,甘肃省,西北地区
622901,临夏市,62,甘肃省,西北地区
622921,临夏县,62,甘肃省,西北地区
622922,康乐县,62,甘肃省,西北地区
622923,永靖县,62,甘肃省,西北地区
622924,广河县,62,甘肃省,西北地区
622925,和政县,62,甘肃省,西北地区
622926,东乡族自治县,62,甘肃省,西北地区
622927,积石山保安族东乡族撒拉族自治县,62,甘肃省,西北地区
623000,甘南藏族自治州,62,甘肃省,西北地区
623001,合作市,62,甘肃省,西北地区
623021,临潭县,62,甘肃省,西北地区
623022,卓尼县,62,甘肃省,西北地区
623023,舟曲县,62,甘肃省,西北地区
623024,迭部县,62,甘肃省,西北地区
623025,玛曲县,62,甘肃省,西北地区
623026,碌曲县,62,甘肃省,西北地区
623027,夏河县,62,甘肃省,西北地区
630000,青海省,63,青海省,西北地区
630100,西宁市,63,青海省,西北地区
630101,市辖区,63,青海省,西北地区
630102,城东区,63,青海省,西北地区
630103,城中区,63,青海省,西北地区
630104,城西区,63,青海省,西北地区
630105,城北区,63,青海省,西北地区
630121,大通回族土族自治县,63,青海省,西北地区
630122,湟中县,63,青海省,西北地区
630123,湟源县,63,青海省,西北地区
632100,海东地区,63,青海省,西北地区
632121,平安县,63,青海省,西北地区
632122,民和回族土族自治县,63,青海省,西北地区
632123,乐都县,63,青海省,西北地区
632126,互助土族自治县,63,青海省,西北地区
632127,化隆回族自治县,63,青海省,西北地区
632128,循化撒拉族自治县,63,青海省,西北地区
632200,海北藏族自治州,63,青海省,西北地区
632221,门源回族自治县,63,青海省,西北地区
632222,祁连县,63,青海省,西北地区
632223,海晏县,63,青海省,西北地区
632224,刚察县,63,青海省,西北地区
632300,黄南藏族自治州,63,青海省,西北地区
632321,同仁县,63,青海省,西北地区
632322,尖扎县,63,青海省,西北地区
632323,泽库县,63,青海省,西北地区
632324,河南蒙古族自治县,63,青海省,西北地区
632500,海南藏族自治州,63,青海省,西北地区
632521,共和县,63,青海省,西北地区
632522,同德县,63,青海省,西北地区
632523,贵德县,63,青海省,西北地区
632524,兴海县,63,青海省,西北地区
632525,贵南县,63,青海省,西北地区
632600,果洛藏族自治州,63,青海省,西北地区
632621,玛沁县,63,青海省,西北地区
632622,班玛县,63,青海省,西北地区
632623,甘德县,63,青海省,西北地区
632624,达日县,63,青海省,西北地区
632625,久治县,63,青海省,西北地区
632626,玛多县,63,青海省,西北地区
632700,玉树藏族自治州,63,青海省,西北地区
632721,玉树县,63,青海省,西北地区
632722,杂多县,63,青海省,西北地区
632723,称多县,63,青海省,西北地区
632724,治多县,63,青海省,西北地区
632725,囊谦县,63,青海省,西北地区
632726,曲麻莱县,63,青海省,西北地区
632800,海西蒙古族藏族自治州,63,青海省,西北地区
632801,格尔木市,63,青海省,西北地区
632802,德令哈市,63,青海省,西北地区
632821,乌兰县,63,青海省,西北地区
632822,都兰县,63,青海省,西北地区
632823,天峻县,63,青海省,西北地区
640000,宁夏回族自治区,64,宁夏回族自治区,西北地区
640100,银川市,64,宁夏回族自治区,西北地区
640101,市辖区,64,宁夏回族自治区,西北地区
640104,兴庆区,64,宁夏回族自治区,西北地区
640105,西夏区,64,宁夏回族自治区,西北地区
640106,金凤区,64,宁夏回族自治区,西北地区
640121,永宁县,64,宁夏回族自治区,西北地区
640122,贺兰县,64,宁夏回族自治区,西北地区
640181,灵武市,64,宁夏回族自治区,西北地区
640200,石嘴山市,64,宁夏回族自治区,西北地区
640201,市辖区,64,宁夏回族自治区,西北地区
640202,大武口区,64,宁夏回族自治区,西北地区
640205,惠农区,64,宁夏回族自治区,西北地区
640221,平罗县,64,宁夏回族自治区,西北地区
640300,吴忠市,64,宁夏回族自治区,西北地区
640301,市辖区,64,宁夏回族自治区,西北地区
640302,利通区,64,宁夏回族自治区,西北地区
640303,红寺堡区,64,宁夏回族自治区,西北地区
640323,盐池县,64,宁夏回族自治区,西北地区
640324,同心县,64,宁夏回族自治区,西北地区
640381,青铜峡市,64,宁夏回族自治区,西北地区
640400,固原市,64,宁夏回族自治区,西北地区
640401,市辖区,64,宁夏回族自治区,西北地区
640402,原州区,64,宁夏回族自治区,西北地区
640422,西吉县,64,宁夏回族自治区,西北地区
640423,隆德县,64,宁夏回族自治区,西北地区
640424,泾源县,64,宁夏回族自治区,西北地区
640425,彭阳县,64,宁夏回族自治区,西北地区
640500,中卫市,64,宁夏回族自治区,西北地区
640501,市辖区,64,宁夏回族自治区,西北地区
640502,沙坡头区,64,宁夏回族自治区,西北地区
640521,中宁县,64,宁夏回族自治区,西北地区
640522,海原县,64,宁夏回族自治区,西北地区
650000,新疆维吾尔自治区,65,新疆维吾尔自治区,西北地区
650100,乌鲁木齐市,65,新疆维吾尔自治区,西北地区
650101,市辖区,65,新疆维吾尔自治区,西北地区
650102,天山区,65,新疆维吾尔自治区,西北地区
650103,沙依巴克区,65,新疆维吾尔自治区,西北地区
650104,新市区,65,新疆维吾尔自治区,西北地区
650105,水磨沟区,65,新疆维吾尔自治区,西北地区
650106,头屯河区,65,新疆维吾尔自治区,西北地区
650107,达坂城区,65,新疆维吾尔自治区,西北地区
650109,米东区,65,新疆维吾尔自治区,西北地区
650121,乌鲁木齐县,65,新疆维吾尔自治区,西北地区
650200,克拉玛依市,65,新疆维吾尔自治区,西北地区
650201,市辖区,65,新疆维吾尔自治区,西北地区
650202,独山子区,65,新疆维吾尔自治区,西北地区
650203,克拉玛依区,65,新疆维吾尔自治区,西北地区
650204,白碱滩区,65,新疆维吾尔自治区,西北地区
650205,乌尔禾区,65,新疆维吾尔自治区,西北地区
652100,吐鲁番地区,65,新疆维吾尔自治区,西北地区
652101,吐鲁番市,65,新疆维吾尔自治区,西北地区
652122,鄯善县,65,新疆维吾尔自治区,西北地区
652123,托克逊县,65,新疆维吾尔自治区,西北地区
652200,哈密地区,65,新疆维吾尔自治区,西北地区
652201,哈密市,65,新疆维吾尔自治区,西北地区
652222,巴里坤哈萨克自治县,65,新疆维吾尔自治区,西北地区
652223,伊吾县,65,新疆维吾尔自治区,西北地区
652300,昌吉回族自治州,65,新疆维吾尔自治区,西北地区
652301,昌吉市,65,新疆维吾尔自治区,西北地区
652302,阜康市,65,新疆维吾尔自治区,西北地区
652323,呼图壁县,65,新疆维吾尔自治区,西北地区
652324,玛纳斯县,65,新疆维吾尔自治区,西北地区
652325,奇台县,65,新疆维吾尔自治区,西北地区
652327,吉木萨尔县,65,新疆维吾尔自治区,西北地区
652328,木垒哈萨克自治县,65,新疆维吾尔自治区,西北地区
652700,博尔塔拉蒙古自治州,65,新疆维吾尔自治区,西北地区
652701,博乐市,65,新疆维吾尔自治区,西北地区
652722,精河县,65,新疆维吾尔自治区,西北地区
652723,温泉县,65,新疆维吾尔自治区,西北地区
652800,巴音郭楞蒙古自治州,65,新疆维吾尔自治区,西北地区
652801,库尔勒市,65,新疆维吾尔自治区,西北地区
652822,轮台县,65,新疆维吾尔自治区,西北地区
652823,尉犁县,65,新疆维吾尔自治区,西北地区
652824,若羌县,65,新疆维吾尔自治区,西北地区
652825,且末县,65,新疆维吾尔自治区,西北地区
652826,焉耆回族自治县,65,新疆维吾尔自治区,西北地区
652827,和静县,65,新疆维吾尔自治区,西北地区
652828,和硕县,65,新疆维吾尔自治区,西北地区
652829,博湖县,65,新疆维吾尔自治区,西北地区
652900,阿克苏地区,65,新疆维吾尔自治区,西北地区
652901,阿克苏市,65,新疆维吾尔自治区,西北地区
652922,温宿县,65,新疆维吾尔自治区,西北地区
652923,库车县,65,新疆维吾尔自治区,西北地区
652924,沙雅县,65,新疆维吾尔自治区,西北地区
652925,新和县,65,新疆维吾尔自治区,西北地区
652926,拜城县,65,新疆维吾尔自治区,西北地区
652927,乌什县,65,新疆维吾尔自治区,西北地区
652928,阿瓦提县,65,新疆维吾尔自治区,西北地区
652929,柯坪县,65,新疆维吾尔自治区,西北地区
653000,克孜勒苏柯尔克孜自治州,65,新疆维吾尔自治区,西北地区
653001,阿图什市,65,新疆维吾尔自治区,西北地区
653022,阿克陶县,65,新疆维吾尔自治区,西北地区
653023,阿合奇县,65,新疆维吾尔自治区,西北地区
653024,乌恰县,65,新疆维吾尔自治区,西北地区
653100,喀什地区,65,新疆维吾尔自治区,西北地区
653101,喀什市,65,新疆维吾尔自治区,西北地区
653121,疏附县,65,新疆维吾尔自治区,西北地区
653122,疏勒县,65,新疆维吾尔自治区,西北地区
653123,英吉沙县,65,新疆维吾尔自治区,西北地区
653124,泽普县,65,新疆维吾尔自治区,西北地区
653125,莎车县,65,新疆维吾尔自治区,西北地区
653126,叶城县,65,新疆维吾尔自治区,西北地区
653127,麦盖提县,65,新疆维吾尔自治区,西北地区
653128,岳普湖县,65,新疆维吾尔自治区,西北地区
653129,伽师县,65,新疆维吾尔自治区,西北地区
653130,巴楚县,65,新疆维吾尔自治区,西北地区
653131,塔什库尔干塔吉克自治县,65,新疆维吾尔自治区,西北地区
653200,和田地区,65,新疆维吾尔自治区,西北地区
653201,和田市,65,新疆维吾尔自治区,西北地区
653221,和田县,65,新疆维吾尔自治区,西北地区
653222,墨玉县,65,新疆维吾尔自治区,西北地区
653223,皮山县,65,新疆维吾尔自治区,西北地区
653224,洛浦县,65,新疆维吾尔自治区,西北地区
653225,策勒县,65,新疆维吾尔自治区,西北地区
653226,于田县,65,新疆维吾尔自治区,西北地区
653227,民丰县,65,新疆维吾尔自治区,西北地区
654000,伊犁哈萨克自治州,65,新疆维吾尔自治区,西北地区
654002,伊宁市,65,新疆维吾尔自治区,西北地区
654003,奎屯市,65,新疆维吾尔自治区,西北地区
654021,伊宁县,65,新疆维吾尔自治区,西北地区
654022,察布查尔锡伯自治县,65,新疆维吾尔自治区,西北地区
654023,霍城县,65,新疆维吾尔自治区,西北地区
654024,巩留县,65,新疆维吾尔自治区,西北地区
654025,新源县,65,新疆维吾尔自治区,西北地区
654026,昭苏县,65,新疆维吾尔自治区,西北地区
654027,特克斯县,65,新疆维吾尔自治区,西北地区
654028,尼勒克县,65,新疆维吾尔自治区,西北地区
654200,塔城地区,65,新疆维吾尔自治区,西北地区
654201,塔城市,65,新疆维吾尔自治区,西北地区
654202,乌苏市,65,新疆维吾尔自治区,西北地区
654221,额敏县,65,新疆维吾尔自治区,西北地区
654223,沙湾县,65,新疆维吾尔自治区,西北地区
654224,托里县,65,新疆维吾尔自治区,西北地区
654225,裕民县,65,新疆维吾尔自治区,西北地区
654226,和布克赛尔蒙古自治县,65,新疆维吾尔自治区,西北地区
654300,阿勒泰地区,65,新疆维吾尔自治区,西北地区
654301,阿勒泰市,65,新疆维吾尔自治区,西北地区
654321,布尔津县,65,新疆维吾尔自治区,西北地区
654322,富蕴县,65,新疆维吾尔自治区,西北地区
654323,福海县,65,新疆维吾尔自治区,西北地区
654324,哈巴河县,65,新疆维吾尔自治区,西北地区
654325,青河县,65,新疆维吾尔自治区,西北地区
654326,吉木乃县,65,新疆维吾尔自治区,西北地区
659000,自治区直辖县级行政区划,65,新疆维吾尔自治区,西北地区
659001,石河子市,65,新疆维吾尔自治区,西北地区
659002,阿拉尔市,65,新疆维吾尔自治区,西北地区
659003,图木舒克市,65,新疆维吾尔自治区,西北地区
659004,五家渠市,65,新疆维吾尔自治区,西北地区
710000,台湾省,71,台湾地区(886),特别地区
810000,香港特别行政区,81,香港特别行政区,特别地区
820000,澳门特别行政区,82,澳门特别行政区,特别地区